AUR Explicit (1): quickshell-0.2.0-1
AUR Dependency (1): google-breakpad-v2024.02.16-1
Sync Make Dependency (1): cli11-2.5.0-1
Sync Dependency (1): jemalloc-1:5.3.0-5
:: [1m(1/2) Downloaded PKGBUILD: google-breakpad[0m
:: [1m(2/2) Downloaded PKGBUILD: quickshell[0m
  2 quickshell                               (Build Files Exist)
  1 google-breakpad                          (Build Files Exist)
==> Packages to cleanBuild?
==> [N]one [A]ll [Ab]ort [I]nstalled [No]tInstalled or (1 2 3, 1-3, ^4)
==> 
  2 quickshell                               (Build Files Exist)
  1 google-breakpad                          (Build Files Exist)
==> Diffs to show?
==> [N]one [A]ll [Ab]ort [I]nstalled [No]tInstalled or (1 2 3, 1-3, ^4)
==> 
==> Making package: quickshell 0.2.0-1 (Sat 16 Aug 2025 07:39:17 AM MSK)
==> Retrieving sources...
  -> Downloading quickshell-0.2.0.tar.gz...
  % Total    % Received % Xferd  Average Speed   Time    Time     Time  Current
                                 Dload  Upload   Total   Spent    Left  Speed
  0     0    0     0    0     0      0      0 --:--:-- --:--:-- --:--:--     0  2  390k    2 11203    0     0  11415      0  0:00:34 --:--:--  0:00:34 11408100  390k  100  390k    0     0   224k      0  0:00:01  0:00:01 --:--:--  224k
  -> Found quickshell-check.hook
==> WARNING: Skipping verification of source file PGP signatures.
==> Validating source files with sha256sums...
    quickshell-0.2.0.tar.gz ... Passed
    quickshell-check.hook ... Passed
==> Validating source files with b2sums...
    quickshell-0.2.0.tar.gz ... Passed
    quickshell-check.hook ... Passed
==> Making package: google-breakpad v2024.02.16-1 (Sat 16 Aug 2025 07:39:21 AM MSK)
==> Retrieving sources...
  -> Downloading google-breakpad-v2024.02.16.tar.gz...
  % Total    % Received % Xferd  Average Speed   Time    Time     Time  Current
                                 Dload  Upload   Total   Spent    Left  Speed
  0     0    0     0    0     0      0      0 --:--:-- --:--:-- --:--:--     0  0     0    0     0    0     0      0      0 --:--:-- --:--:-- --:--:--     0100  470k    0  470k    0     0   441k      0 --:--:--  0:00:01 --:--:--  441k100 5399k    0 5399k    0     0  3265k      0 --:--:--  0:00:01 --:--:-- 3264k
  -> Downloading lss-v2024.02.01.tar.gz...
  % Total    % Received % Xferd  Average Speed   Time    Time     Time  Current
                                 Dload  Upload   Total   Spent    Left  Speed
  0     0    0     0    0     0      0      0 --:--:-- --:--:-- --:--:--     0100 43392    0 43392    0     0   120k      0 --:--:-- --:--:-- --:--:--  120k
==> WARNING: Skipping verification of source file PGP signatures.
==> Validating source files with sha256sums...
    google-breakpad-v2024.02.16.tar.gz ... Skipped
    lss-v2024.02.01.tar.gz ... Skipped
:: [1m(1/2) Parsing SRCINFO: quickshell[0m
:: [1m(2/2) Parsing SRCINFO: google-breakpad[0m
resolving dependencies...
looking for conflicting packages...

Package (2)     New Version  Net Change  Download Size

extra/cli11     2.5.0-1        0.45 MiB       0.08 MiB
extra/jemalloc  1:5.3.0-5      2.18 MiB       0.40 MiB

Total Download Size:   0.48 MiB
Total Installed Size:  2.63 MiB

:: Proceed with installation? [Y/n] 
:: Retrieving packages...
 jemalloc-1:5.3.0-5-x86_64 downloading...
 cli11-2.5.0-1-any downloading...
checking keyring...
checking package integrity...
loading package files...
checking for file conflicts...
checking available disk space...
:: Processing package changes...
installing cli11...
installing jemalloc...
Optional dependencies for jemalloc
    perl: for jeprof [installed]
:: Running post-transaction hooks...
(1/1) Arming ConditionNeedsUpdate...
==> Making package: google-breakpad v2024.02.16-1 (Sat 16 Aug 2025 07:39:27 AM MSK)
==> Checking runtime dependencies...
==> Checking buildtime dependencies...
==> Retrieving sources...
  -> Found google-breakpad-v2024.02.16.tar.gz
  -> Found lss-v2024.02.01.tar.gz
==> Validating source files with sha256sums...
    google-breakpad-v2024.02.16.tar.gz ... Skipped
    lss-v2024.02.01.tar.gz ... Skipped
==> Removing existing $srcdir/ directory...
==> Extracting sources...
  -> Extracting google-breakpad-v2024.02.16.tar.gz with bsdtar
==> Starting prepare()...
==> Sources are ready.
==> Making package: google-breakpad v2024.02.16-1 (Sat 16 Aug 2025 07:39:31 AM MSK)
==> Checking runtime dependencies...
==> Checking buildtime dependencies...
==> WARNING: Using existing $srcdir/ tree
==> Starting build()...
Configuring
configure.ac:63: warning: The macro 'AC_LANG_C' is obsolete.
configure.ac:63: You should run autoupdate.
./lib/autoconf/c.m4:72: AC_LANG_C is expanded from...
m4/ax_pthread.m4:81: AX_PTHREAD is expanded from...
configure.ac:63: the top level
configure.ac:63: warning: The macro 'AC_TRY_LINK' is obsolete.
configure.ac:63: You should run autoupdate.
./lib/autoconf/general.m4:2918: AC_TRY_LINK is expanded from...
m4/ax_pthread.m4:81: AX_PTHREAD is expanded from...
configure.ac:63: the top level
checking build system type... x86_64-pc-linux-gnu
checking host system type... x86_64-pc-linux-gnu
checking for a BSD-compatible install... /usr/bin/install -c
checking whether sleep supports fractional seconds... yes
checking filesystem timestamp resolution... 0.01
checking whether build environment is sane... yes
checking for a race-free mkdir -p... /usr/bin/mkdir -p
checking for gawk... gawk
checking whether make sets $(MAKE)... yes
checking whether make supports nested variables... yes
checking xargs -n works... yes
checking whether UID '1000' is supported by ustar format... yes
checking whether GID '1000' is supported by ustar format... yes
checking how to create a ustar tar archive... gnutar
checking whether to enable maintainer-specific portions of Makefiles... no
checking whether make supports the include directive... yes (GNU style)
checking for gcc... gcc
checking whether the C compiler works... yes
checking for C compiler default output file name... a.out
checking for suffix of executables... 
checking whether we are cross compiling... no
checking for suffix of object files... o
checking whether the compiler supports GNU C... yes
checking whether gcc accepts -g... yes
checking for gcc option to enable C11 features... none needed
checking whether gcc understands -c and -o together... yes
checking dependency style of gcc... gcc3
checking for ar... ar
checking the archiver (ar) interface... ar
checking dependency style of gcc... gcc3
checking for gcc... (cached) gcc
checking whether the compiler supports GNU C... (cached) yes
checking whether gcc accepts -g... (cached) yes
checking for gcc option to enable C11 features... (cached) none needed
checking whether gcc understands -c and -o together... (cached) yes
checking dependency style of gcc... (cached) gcc3
checking how to run the C preprocessor... gcc -E
checking for g++... g++
checking whether the compiler supports GNU C++... yes
checking whether g++ accepts -g... yes
checking for g++ option to enable C++11 features... none needed
checking dependency style of g++... gcc3
checking for ranlib... ranlib
checking for gcc option to enable large file support... none needed
checking for the pthreads library -lpthreads... no
checking whether pthreads work without any flags... yes
checking for joinable pthread attribute... PTHREAD_CREATE_JOINABLE
checking if more special flags are required for pthreads... no
checking for stdio.h... yes
checking for stdlib.h... yes
checking for string.h... yes
checking for inttypes.h... yes
checking for stdint.h... yes
checking for strings.h... yes
checking for sys/stat.h... yes
checking for sys/types.h... yes
checking for unistd.h... yes
checking for a.out.h... yes
checking for sys/mman.h... yes
checking for sys/random.h... yes
checking for arc4random... yes
checking for getcontext... yes
checking for getrandom... yes
checking for memfd_create... yes
checking whether g++ supports C++17 features by default... yes
checking whether C++ compiler accepts -Werror=unknown-warning-option... no
checking whether C++ compiler accepts -Wmissing-braces... yes
checking whether C++ compiler accepts -Wnon-virtual-dtor... yes
checking whether C++ compiler accepts -Woverloaded-virtual... yes
checking whether C++ compiler accepts -Wreorder... yes
checking whether C++ compiler accepts -Wsign-compare... yes
checking whether C++ compiler accepts -Wunused-local-typedefs... yes
checking whether C++ compiler accepts -Wunused-variable... yes
checking whether C++ compiler accepts -Wvla... yes
checking for O_CLOEXEC defined in fcntl.h... yes
checking that generated files are newer than configure... done
configure: creating ./config.status
config.status: creating breakpad.pc
config.status: creating breakpad-client.pc
config.status: creating Makefile
config.status: creating src/config.h
config.status: executing depfiles commands
Building
depbase=`echo src/processor/microdump_stackwalk.o | sed 's|[^/]*$|.deps/&|;s|\.o$||'`;\
g++ -DHAVE_CONFIG_H -I. -I./src  -I./src   -Wmissing-braces -Wnon-virtual-dtor -Woverloaded-virtual -Wreorder -Wsign-compare -Wunused-local-typedefs -Wunused-variable -Wvla -Werror -fPIC -march=x86-64 -mtune=generic -O2 -pipe -fno-plt -fexceptions         -Wp,-D_FORTIFY_SOURCE=3 -Wformat -Werror=format-security         -fstack-clash-protection -fcf-protection         -fno-omit-frame-pointer -mno-omit-leaf-frame-pointer -Wp,-D_GLIBCXX_ASSERTIONS -g -ffile-prefix-map=/home/pridxd/.cache/yay/google-breakpad/src=/usr/src/debug/google-breakpad -flto=auto -MT src/processor/microdump_stackwalk.o -MD -MP -MF $depbase.Tpo -c -o src/processor/microdump_stackwalk.o src/processor/microdump_stackwalk.cc &&\
mv -f $depbase.Tpo $depbase.Po
depbase=`echo src/common/path_helper.o | sed 's|[^/]*$|.deps/&|;s|\.o$||'`;\
g++ -DHAVE_CONFIG_H -I. -I./src  -I./src   -Wmissing-braces -Wnon-virtual-dtor -Woverloaded-virtual -Wreorder -Wsign-compare -Wunused-local-typedefs -Wunused-variable -Wvla -Werror -fPIC -march=x86-64 -mtune=generic -O2 -pipe -fno-plt -fexceptions         -Wp,-D_FORTIFY_SOURCE=3 -Wformat -Werror=format-security         -fstack-clash-protection -fcf-protection         -fno-omit-frame-pointer -mno-omit-leaf-frame-pointer -Wp,-D_GLIBCXX_ASSERTIONS -g -ffile-prefix-map=/home/pridxd/.cache/yay/google-breakpad/src=/usr/src/debug/google-breakpad -flto=auto -MT src/common/path_helper.o -MD -MP -MF $depbase.Tpo -c -o src/common/path_helper.o src/common/path_helper.cc &&\
mv -f $depbase.Tpo $depbase.Po
depbase=`echo src/processor/basic_code_modules.o | sed 's|[^/]*$|.deps/&|;s|\.o$||'`;\
g++ -DHAVE_CONFIG_H -I. -I./src  -I./src   -Wmissing-braces -Wnon-virtual-dtor -Woverloaded-virtual -Wreorder -Wsign-compare -Wunused-local-typedefs -Wunused-variable -Wvla -Werror -fPIC -march=x86-64 -mtune=generic -O2 -pipe -fno-plt -fexceptions         -Wp,-D_FORTIFY_SOURCE=3 -Wformat -Werror=format-security         -fstack-clash-protection -fcf-protection         -fno-omit-frame-pointer -mno-omit-leaf-frame-pointer -Wp,-D_GLIBCXX_ASSERTIONS -g -ffile-prefix-map=/home/pridxd/.cache/yay/google-breakpad/src=/usr/src/debug/google-breakpad -flto=auto -MT src/processor/basic_code_modules.o -MD -MP -MF $depbase.Tpo -c -o src/processor/basic_code_modules.o src/processor/basic_code_modules.cc &&\
mv -f $depbase.Tpo $depbase.Po
depbase=`echo src/processor/basic_source_line_resolver.o | sed 's|[^/]*$|.deps/&|;s|\.o$||'`;\
g++ -DHAVE_CONFIG_H -I. -I./src  -I./src   -Wmissing-braces -Wnon-virtual-dtor -Woverloaded-virtual -Wreorder -Wsign-compare -Wunused-local-typedefs -Wunused-variable -Wvla -Werror -fPIC -march=x86-64 -mtune=generic -O2 -pipe -fno-plt -fexceptions         -Wp,-D_FORTIFY_SOURCE=3 -Wformat -Werror=format-security         -fstack-clash-protection -fcf-protection         -fno-omit-frame-pointer -mno-omit-leaf-frame-pointer -Wp,-D_GLIBCXX_ASSERTIONS -g -ffile-prefix-map=/home/pridxd/.cache/yay/google-breakpad/src=/usr/src/debug/google-breakpad -flto=auto -MT src/processor/basic_source_line_resolver.o -MD -MP -MF $depbase.Tpo -c -o src/processor/basic_source_line_resolver.o src/processor/basic_source_line_resolver.cc &&\
mv -f $depbase.Tpo $depbase.Po
depbase=`echo src/processor/call_stack.o | sed 's|[^/]*$|.deps/&|;s|\.o$||'`;\
g++ -DHAVE_CONFIG_H -I. -I./src  -I./src   -Wmissing-braces -Wnon-virtual-dtor -Woverloaded-virtual -Wreorder -Wsign-compare -Wunused-local-typedefs -Wunused-variable -Wvla -Werror -fPIC -march=x86-64 -mtune=generic -O2 -pipe -fno-plt -fexceptions         -Wp,-D_FORTIFY_SOURCE=3 -Wformat -Werror=format-security         -fstack-clash-protection -fcf-protection         -fno-omit-frame-pointer -mno-omit-leaf-frame-pointer -Wp,-D_GLIBCXX_ASSERTIONS -g -ffile-prefix-map=/home/pridxd/.cache/yay/google-breakpad/src=/usr/src/debug/google-breakpad -flto=auto -MT src/processor/call_stack.o -MD -MP -MF $depbase.Tpo -c -o src/processor/call_stack.o src/processor/call_stack.cc &&\
mv -f $depbase.Tpo $depbase.Po
depbase=`echo src/processor/convert_old_arm64_context.o | sed 's|[^/]*$|.deps/&|;s|\.o$||'`;\
g++ -DHAVE_CONFIG_H -I. -I./src  -I./src   -Wmissing-braces -Wnon-virtual-dtor -Woverloaded-virtual -Wreorder -Wsign-compare -Wunused-local-typedefs -Wunused-variable -Wvla -Werror -fPIC -march=x86-64 -mtune=generic -O2 -pipe -fno-plt -fexceptions         -Wp,-D_FORTIFY_SOURCE=3 -Wformat -Werror=format-security         -fstack-clash-protection -fcf-protection         -fno-omit-frame-pointer -mno-omit-leaf-frame-pointer -Wp,-D_GLIBCXX_ASSERTIONS -g -ffile-prefix-map=/home/pridxd/.cache/yay/google-breakpad/src=/usr/src/debug/google-breakpad -flto=auto -MT src/processor/convert_old_arm64_context.o -MD -MP -MF $depbase.Tpo -c -o src/processor/convert_old_arm64_context.o src/processor/convert_old_arm64_context.cc &&\
mv -f $depbase.Tpo $depbase.Po
depbase=`echo src/processor/cfi_frame_info.o | sed 's|[^/]*$|.deps/&|;s|\.o$||'`;\
g++ -DHAVE_CONFIG_H -I. -I./src  -I./src   -Wmissing-braces -Wnon-virtual-dtor -Woverloaded-virtual -Wreorder -Wsign-compare -Wunused-local-typedefs -Wunused-variable -Wvla -Werror -fPIC -march=x86-64 -mtune=generic -O2 -pipe -fno-plt -fexceptions         -Wp,-D_FORTIFY_SOURCE=3 -Wformat -Werror=format-security         -fstack-clash-protection -fcf-protection         -fno-omit-frame-pointer -mno-omit-leaf-frame-pointer -Wp,-D_GLIBCXX_ASSERTIONS -g -ffile-prefix-map=/home/pridxd/.cache/yay/google-breakpad/src=/usr/src/debug/google-breakpad -flto=auto -MT src/processor/cfi_frame_info.o -MD -MP -MF $depbase.Tpo -c -o src/processor/cfi_frame_info.o src/processor/cfi_frame_info.cc &&\
mv -f $depbase.Tpo $depbase.Po
depbase=`echo src/processor/disassembler_x86.o | sed 's|[^/]*$|.deps/&|;s|\.o$||'`;\
g++ -DHAVE_CONFIG_H -I. -I./src  -I./src   -Wmissing-braces -Wnon-virtual-dtor -Woverloaded-virtual -Wreorder -Wsign-compare -Wunused-local-typedefs -Wunused-variable -Wvla -Werror -fPIC -march=x86-64 -mtune=generic -O2 -pipe -fno-plt -fexceptions         -Wp,-D_FORTIFY_SOURCE=3 -Wformat -Werror=format-security         -fstack-clash-protection -fcf-protection         -fno-omit-frame-pointer -mno-omit-leaf-frame-pointer -Wp,-D_GLIBCXX_ASSERTIONS -g -ffile-prefix-map=/home/pridxd/.cache/yay/google-breakpad/src=/usr/src/debug/google-breakpad -flto=auto -MT src/processor/disassembler_x86.o -MD -MP -MF $depbase.Tpo -c -o src/processor/disassembler_x86.o src/processor/disassembler_x86.cc &&\
mv -f $depbase.Tpo $depbase.Po
depbase=`echo src/processor/dump_context.o | sed 's|[^/]*$|.deps/&|;s|\.o$||'`;\
g++ -DHAVE_CONFIG_H -I. -I./src  -I./src   -Wmissing-braces -Wnon-virtual-dtor -Woverloaded-virtual -Wreorder -Wsign-compare -Wunused-local-typedefs -Wunused-variable -Wvla -Werror -fPIC -march=x86-64 -mtune=generic -O2 -pipe -fno-plt -fexceptions         -Wp,-D_FORTIFY_SOURCE=3 -Wformat -Werror=format-security         -fstack-clash-protection -fcf-protection         -fno-omit-frame-pointer -mno-omit-leaf-frame-pointer -Wp,-D_GLIBCXX_ASSERTIONS -g -ffile-prefix-map=/home/pridxd/.cache/yay/google-breakpad/src=/usr/src/debug/google-breakpad -flto=auto -MT src/processor/dump_context.o -MD -MP -MF $depbase.Tpo -c -o src/processor/dump_context.o src/processor/dump_context.cc &&\
mv -f $depbase.Tpo $depbase.Po
depbase=`echo src/processor/dump_object.o | sed 's|[^/]*$|.deps/&|;s|\.o$||'`;\
g++ -DHAVE_CONFIG_H -I. -I./src  -I./src   -Wmissing-braces -Wnon-virtual-dtor -Woverloaded-virtual -Wreorder -Wsign-compare -Wunused-local-typedefs -Wunused-variable -Wvla -Werror -fPIC -march=x86-64 -mtune=generic -O2 -pipe -fno-plt -fexceptions         -Wp,-D_FORTIFY_SOURCE=3 -Wformat -Werror=format-security         -fstack-clash-protection -fcf-protection         -fno-omit-frame-pointer -mno-omit-leaf-frame-pointer -Wp,-D_GLIBCXX_ASSERTIONS -g -ffile-prefix-map=/home/pridxd/.cache/yay/google-breakpad/src=/usr/src/debug/google-breakpad -flto=auto -MT src/processor/dump_object.o -MD -MP -MF $depbase.Tpo -c -o src/processor/dump_object.o src/processor/dump_object.cc &&\
mv -f $depbase.Tpo $depbase.Po
depbase=`echo src/processor/logging.o | sed 's|[^/]*$|.deps/&|;s|\.o$||'`;\
g++ -DHAVE_CONFIG_H -I. -I./src  -I./src   -Wmissing-braces -Wnon-virtual-dtor -Woverloaded-virtual -Wreorder -Wsign-compare -Wunused-local-typedefs -Wunused-variable -Wvla -Werror -fPIC -march=x86-64 -mtune=generic -O2 -pipe -fno-plt -fexceptions         -Wp,-D_FORTIFY_SOURCE=3 -Wformat -Werror=format-security         -fstack-clash-protection -fcf-protection         -fno-omit-frame-pointer -mno-omit-leaf-frame-pointer -Wp,-D_GLIBCXX_ASSERTIONS -g -ffile-prefix-map=/home/pridxd/.cache/yay/google-breakpad/src=/usr/src/debug/google-breakpad -flto=auto -MT src/processor/logging.o -MD -MP -MF $depbase.Tpo -c -o src/processor/logging.o src/processor/logging.cc &&\
mv -f $depbase.Tpo $depbase.Po
depbase=`echo src/processor/microdump.o | sed 's|[^/]*$|.deps/&|;s|\.o$||'`;\
g++ -DHAVE_CONFIG_H -I. -I./src  -I./src   -Wmissing-braces -Wnon-virtual-dtor -Woverloaded-virtual -Wreorder -Wsign-compare -Wunused-local-typedefs -Wunused-variable -Wvla -Werror -fPIC -march=x86-64 -mtune=generic -O2 -pipe -fno-plt -fexceptions         -Wp,-D_FORTIFY_SOURCE=3 -Wformat -Werror=format-security         -fstack-clash-protection -fcf-protection         -fno-omit-frame-pointer -mno-omit-leaf-frame-pointer -Wp,-D_GLIBCXX_ASSERTIONS -g -ffile-prefix-map=/home/pridxd/.cache/yay/google-breakpad/src=/usr/src/debug/google-breakpad -flto=auto -MT src/processor/microdump.o -MD -MP -MF $depbase.Tpo -c -o src/processor/microdump.o src/processor/microdump.cc &&\
mv -f $depbase.Tpo $depbase.Po
depbase=`echo src/processor/microdump_processor.o | sed 's|[^/]*$|.deps/&|;s|\.o$||'`;\
g++ -DHAVE_CONFIG_H -I. -I./src  -I./src   -Wmissing-braces -Wnon-virtual-dtor -Woverloaded-virtual -Wreorder -Wsign-compare -Wunused-local-typedefs -Wunused-variable -Wvla -Werror -fPIC -march=x86-64 -mtune=generic -O2 -pipe -fno-plt -fexceptions         -Wp,-D_FORTIFY_SOURCE=3 -Wformat -Werror=format-security         -fstack-clash-protection -fcf-protection         -fno-omit-frame-pointer -mno-omit-leaf-frame-pointer -Wp,-D_GLIBCXX_ASSERTIONS -g -ffile-prefix-map=/home/pridxd/.cache/yay/google-breakpad/src=/usr/src/debug/google-breakpad -flto=auto -MT src/processor/microdump_processor.o -MD -MP -MF $depbase.Tpo -c -o src/processor/microdump_processor.o src/processor/microdump_processor.cc &&\
mv -f $depbase.Tpo $depbase.Po
depbase=`echo src/processor/pathname_stripper.o | sed 's|[^/]*$|.deps/&|;s|\.o$||'`;\
g++ -DHAVE_CONFIG_H -I. -I./src  -I./src   -Wmissing-braces -Wnon-virtual-dtor -Woverloaded-virtual -Wreorder -Wsign-compare -Wunused-local-typedefs -Wunused-variable -Wvla -Werror -fPIC -march=x86-64 -mtune=generic -O2 -pipe -fno-plt -fexceptions         -Wp,-D_FORTIFY_SOURCE=3 -Wformat -Werror=format-security         -fstack-clash-protection -fcf-protection         -fno-omit-frame-pointer -mno-omit-leaf-frame-pointer -Wp,-D_GLIBCXX_ASSERTIONS -g -ffile-prefix-map=/home/pridxd/.cache/yay/google-breakpad/src=/usr/src/debug/google-breakpad -flto=auto -MT src/processor/pathname_stripper.o -MD -MP -MF $depbase.Tpo -c -o src/processor/pathname_stripper.o src/processor/pathname_stripper.cc &&\
mv -f $depbase.Tpo $depbase.Po
depbase=`echo src/processor/process_state.o | sed 's|[^/]*$|.deps/&|;s|\.o$||'`;\
g++ -DHAVE_CONFIG_H -I. -I./src  -I./src   -Wmissing-braces -Wnon-virtual-dtor -Woverloaded-virtual -Wreorder -Wsign-compare -Wunused-local-typedefs -Wunused-variable -Wvla -Werror -fPIC -march=x86-64 -mtune=generic -O2 -pipe -fno-plt -fexceptions         -Wp,-D_FORTIFY_SOURCE=3 -Wformat -Werror=format-security         -fstack-clash-protection -fcf-protection         -fno-omit-frame-pointer -mno-omit-leaf-frame-pointer -Wp,-D_GLIBCXX_ASSERTIONS -g -ffile-prefix-map=/home/pridxd/.cache/yay/google-breakpad/src=/usr/src/debug/google-breakpad -flto=auto -MT src/processor/process_state.o -MD -MP -MF $depbase.Tpo -c -o src/processor/process_state.o src/processor/process_state.cc &&\
mv -f $depbase.Tpo $depbase.Po
depbase=`echo src/processor/simple_symbol_supplier.o | sed 's|[^/]*$|.deps/&|;s|\.o$||'`;\
g++ -DHAVE_CONFIG_H -I. -I./src  -I./src   -Wmissing-braces -Wnon-virtual-dtor -Woverloaded-virtual -Wreorder -Wsign-compare -Wunused-local-typedefs -Wunused-variable -Wvla -Werror -fPIC -march=x86-64 -mtune=generic -O2 -pipe -fno-plt -fexceptions         -Wp,-D_FORTIFY_SOURCE=3 -Wformat -Werror=format-security         -fstack-clash-protection -fcf-protection         -fno-omit-frame-pointer -mno-omit-leaf-frame-pointer -Wp,-D_GLIBCXX_ASSERTIONS -g -ffile-prefix-map=/home/pridxd/.cache/yay/google-breakpad/src=/usr/src/debug/google-breakpad -flto=auto -MT src/processor/simple_symbol_supplier.o -MD -MP -MF $depbase.Tpo -c -o src/processor/simple_symbol_supplier.o src/processor/simple_symbol_supplier.cc &&\
mv -f $depbase.Tpo $depbase.Po
depbase=`echo src/processor/source_line_resolver_base.o | sed 's|[^/]*$|.deps/&|;s|\.o$||'`;\
g++ -DHAVE_CONFIG_H -I. -I./src  -I./src   -Wmissing-braces -Wnon-virtual-dtor -Woverloaded-virtual -Wreorder -Wsign-compare -Wunused-local-typedefs -Wunused-variable -Wvla -Werror -fPIC -march=x86-64 -mtune=generic -O2 -pipe -fno-plt -fexceptions         -Wp,-D_FORTIFY_SOURCE=3 -Wformat -Werror=format-security         -fstack-clash-protection -fcf-protection         -fno-omit-frame-pointer -mno-omit-leaf-frame-pointer -Wp,-D_GLIBCXX_ASSERTIONS -g -ffile-prefix-map=/home/pridxd/.cache/yay/google-breakpad/src=/usr/src/debug/google-breakpad -flto=auto -MT src/processor/source_line_resolver_base.o -MD -MP -MF $depbase.Tpo -c -o src/processor/source_line_resolver_base.o src/processor/source_line_resolver_base.cc &&\
mv -f $depbase.Tpo $depbase.Po
depbase=`echo src/processor/stack_frame_cpu.o | sed 's|[^/]*$|.deps/&|;s|\.o$||'`;\
g++ -DHAVE_CONFIG_H -I. -I./src  -I./src   -Wmissing-braces -Wnon-virtual-dtor -Woverloaded-virtual -Wreorder -Wsign-compare -Wunused-local-typedefs -Wunused-variable -Wvla -Werror -fPIC -march=x86-64 -mtune=generic -O2 -pipe -fno-plt -fexceptions         -Wp,-D_FORTIFY_SOURCE=3 -Wformat -Werror=format-security         -fstack-clash-protection -fcf-protection         -fno-omit-frame-pointer -mno-omit-leaf-frame-pointer -Wp,-D_GLIBCXX_ASSERTIONS -g -ffile-prefix-map=/home/pridxd/.cache/yay/google-breakpad/src=/usr/src/debug/google-breakpad -flto=auto -MT src/processor/stack_frame_cpu.o -MD -MP -MF $depbase.Tpo -c -o src/processor/stack_frame_cpu.o src/processor/stack_frame_cpu.cc &&\
mv -f $depbase.Tpo $depbase.Po
depbase=`echo src/processor/stack_frame_symbolizer.o | sed 's|[^/]*$|.deps/&|;s|\.o$||'`;\
g++ -DHAVE_CONFIG_H -I. -I./src  -I./src   -Wmissing-braces -Wnon-virtual-dtor -Woverloaded-virtual -Wreorder -Wsign-compare -Wunused-local-typedefs -Wunused-variable -Wvla -Werror -fPIC -march=x86-64 -mtune=generic -O2 -pipe -fno-plt -fexceptions         -Wp,-D_FORTIFY_SOURCE=3 -Wformat -Werror=format-security         -fstack-clash-protection -fcf-protection         -fno-omit-frame-pointer -mno-omit-leaf-frame-pointer -Wp,-D_GLIBCXX_ASSERTIONS -g -ffile-prefix-map=/home/pridxd/.cache/yay/google-breakpad/src=/usr/src/debug/google-breakpad -flto=auto -MT src/processor/stack_frame_symbolizer.o -MD -MP -MF $depbase.Tpo -c -o src/processor/stack_frame_symbolizer.o src/processor/stack_frame_symbolizer.cc &&\
mv -f $depbase.Tpo $depbase.Po
depbase=`echo src/processor/stackwalk_common.o | sed 's|[^/]*$|.deps/&|;s|\.o$||'`;\
g++ -DHAVE_CONFIG_H -I. -I./src  -I./src   -Wmissing-braces -Wnon-virtual-dtor -Woverloaded-virtual -Wreorder -Wsign-compare -Wunused-local-typedefs -Wunused-variable -Wvla -Werror -fPIC -march=x86-64 -mtune=generic -O2 -pipe -fno-plt -fexceptions         -Wp,-D_FORTIFY_SOURCE=3 -Wformat -Werror=format-security         -fstack-clash-protection -fcf-protection         -fno-omit-frame-pointer -mno-omit-leaf-frame-pointer -Wp,-D_GLIBCXX_ASSERTIONS -g -ffile-prefix-map=/home/pridxd/.cache/yay/google-breakpad/src=/usr/src/debug/google-breakpad -flto=auto -MT src/processor/stackwalk_common.o -MD -MP -MF $depbase.Tpo -c -o src/processor/stackwalk_common.o src/processor/stackwalk_common.cc &&\
mv -f $depbase.Tpo $depbase.Po
depbase=`echo src/processor/stackwalker.o | sed 's|[^/]*$|.deps/&|;s|\.o$||'`;\
g++ -DHAVE_CONFIG_H -I. -I./src  -I./src   -Wmissing-braces -Wnon-virtual-dtor -Woverloaded-virtual -Wreorder -Wsign-compare -Wunused-local-typedefs -Wunused-variable -Wvla -Werror -fPIC -march=x86-64 -mtune=generic -O2 -pipe -fno-plt -fexceptions         -Wp,-D_FORTIFY_SOURCE=3 -Wformat -Werror=format-security         -fstack-clash-protection -fcf-protection         -fno-omit-frame-pointer -mno-omit-leaf-frame-pointer -Wp,-D_GLIBCXX_ASSERTIONS -g -ffile-prefix-map=/home/pridxd/.cache/yay/google-breakpad/src=/usr/src/debug/google-breakpad -flto=auto -MT src/processor/stackwalker.o -MD -MP -MF $depbase.Tpo -c -o src/processor/stackwalker.o src/processor/stackwalker.cc &&\
mv -f $depbase.Tpo $depbase.Po
depbase=`echo src/processor/stackwalker_address_list.o | sed 's|[^/]*$|.deps/&|;s|\.o$||'`;\
g++ -DHAVE_CONFIG_H -I. -I./src  -I./src   -Wmissing-braces -Wnon-virtual-dtor -Woverloaded-virtual -Wreorder -Wsign-compare -Wunused-local-typedefs -Wunused-variable -Wvla -Werror -fPIC -march=x86-64 -mtune=generic -O2 -pipe -fno-plt -fexceptions         -Wp,-D_FORTIFY_SOURCE=3 -Wformat -Werror=format-security         -fstack-clash-protection -fcf-protection         -fno-omit-frame-pointer -mno-omit-leaf-frame-pointer -Wp,-D_GLIBCXX_ASSERTIONS -g -ffile-prefix-map=/home/pridxd/.cache/yay/google-breakpad/src=/usr/src/debug/google-breakpad -flto=auto -MT src/processor/stackwalker_address_list.o -MD -MP -MF $depbase.Tpo -c -o src/processor/stackwalker_address_list.o src/processor/stackwalker_address_list.cc &&\
mv -f $depbase.Tpo $depbase.Po
depbase=`echo src/processor/stackwalker_amd64.o | sed 's|[^/]*$|.deps/&|;s|\.o$||'`;\
g++ -DHAVE_CONFIG_H -I. -I./src  -I./src   -Wmissing-braces -Wnon-virtual-dtor -Woverloaded-virtual -Wreorder -Wsign-compare -Wunused-local-typedefs -Wunused-variable -Wvla -Werror -fPIC -march=x86-64 -mtune=generic -O2 -pipe -fno-plt -fexceptions         -Wp,-D_FORTIFY_SOURCE=3 -Wformat -Werror=format-security         -fstack-clash-protection -fcf-protection         -fno-omit-frame-pointer -mno-omit-leaf-frame-pointer -Wp,-D_GLIBCXX_ASSERTIONS -g -ffile-prefix-map=/home/pridxd/.cache/yay/google-breakpad/src=/usr/src/debug/google-breakpad -flto=auto -MT src/processor/stackwalker_amd64.o -MD -MP -MF $depbase.Tpo -c -o src/processor/stackwalker_amd64.o src/processor/stackwalker_amd64.cc &&\
mv -f $depbase.Tpo $depbase.Po
depbase=`echo src/processor/stackwalker_arm.o | sed 's|[^/]*$|.deps/&|;s|\.o$||'`;\
g++ -DHAVE_CONFIG_H -I. -I./src  -I./src   -Wmissing-braces -Wnon-virtual-dtor -Woverloaded-virtual -Wreorder -Wsign-compare -Wunused-local-typedefs -Wunused-variable -Wvla -Werror -fPIC -march=x86-64 -mtune=generic -O2 -pipe -fno-plt -fexceptions         -Wp,-D_FORTIFY_SOURCE=3 -Wformat -Werror=format-security         -fstack-clash-protection -fcf-protection         -fno-omit-frame-pointer -mno-omit-leaf-frame-pointer -Wp,-D_GLIBCXX_ASSERTIONS -g -ffile-prefix-map=/home/pridxd/.cache/yay/google-breakpad/src=/usr/src/debug/google-breakpad -flto=auto -MT src/processor/stackwalker_arm.o -MD -MP -MF $depbase.Tpo -c -o src/processor/stackwalker_arm.o src/processor/stackwalker_arm.cc &&\
mv -f $depbase.Tpo $depbase.Po
depbase=`echo src/processor/stackwalker_arm64.o | sed 's|[^/]*$|.deps/&|;s|\.o$||'`;\
g++ -DHAVE_CONFIG_H -I. -I./src  -I./src   -Wmissing-braces -Wnon-virtual-dtor -Woverloaded-virtual -Wreorder -Wsign-compare -Wunused-local-typedefs -Wunused-variable -Wvla -Werror -fPIC -march=x86-64 -mtune=generic -O2 -pipe -fno-plt -fexceptions         -Wp,-D_FORTIFY_SOURCE=3 -Wformat -Werror=format-security         -fstack-clash-protection -fcf-protection         -fno-omit-frame-pointer -mno-omit-leaf-frame-pointer -Wp,-D_GLIBCXX_ASSERTIONS -g -ffile-prefix-map=/home/pridxd/.cache/yay/google-breakpad/src=/usr/src/debug/google-breakpad -flto=auto -MT src/processor/stackwalker_arm64.o -MD -MP -MF $depbase.Tpo -c -o src/processor/stackwalker_arm64.o src/processor/stackwalker_arm64.cc &&\
mv -f $depbase.Tpo $depbase.Po
depbase=`echo src/processor/stackwalker_mips.o | sed 's|[^/]*$|.deps/&|;s|\.o$||'`;\
g++ -DHAVE_CONFIG_H -I. -I./src  -I./src   -Wmissing-braces -Wnon-virtual-dtor -Woverloaded-virtual -Wreorder -Wsign-compare -Wunused-local-typedefs -Wunused-variable -Wvla -Werror -fPIC -march=x86-64 -mtune=generic -O2 -pipe -fno-plt -fexceptions         -Wp,-D_FORTIFY_SOURCE=3 -Wformat -Werror=format-security         -fstack-clash-protection -fcf-protection         -fno-omit-frame-pointer -mno-omit-leaf-frame-pointer -Wp,-D_GLIBCXX_ASSERTIONS -g -ffile-prefix-map=/home/pridxd/.cache/yay/google-breakpad/src=/usr/src/debug/google-breakpad -flto=auto -MT src/processor/stackwalker_mips.o -MD -MP -MF $depbase.Tpo -c -o src/processor/stackwalker_mips.o src/processor/stackwalker_mips.cc &&\
mv -f $depbase.Tpo $depbase.Po
depbase=`echo src/processor/stackwalker_ppc.o | sed 's|[^/]*$|.deps/&|;s|\.o$||'`;\
g++ -DHAVE_CONFIG_H -I. -I./src  -I./src   -Wmissing-braces -Wnon-virtual-dtor -Woverloaded-virtual -Wreorder -Wsign-compare -Wunused-local-typedefs -Wunused-variable -Wvla -Werror -fPIC -march=x86-64 -mtune=generic -O2 -pipe -fno-plt -fexceptions         -Wp,-D_FORTIFY_SOURCE=3 -Wformat -Werror=format-security         -fstack-clash-protection -fcf-protection         -fno-omit-frame-pointer -mno-omit-leaf-frame-pointer -Wp,-D_GLIBCXX_ASSERTIONS -g -ffile-prefix-map=/home/pridxd/.cache/yay/google-breakpad/src=/usr/src/debug/google-breakpad -flto=auto -MT src/processor/stackwalker_ppc.o -MD -MP -MF $depbase.Tpo -c -o src/processor/stackwalker_ppc.o src/processor/stackwalker_ppc.cc &&\
mv -f $depbase.Tpo $depbase.Po
depbase=`echo src/processor/stackwalker_ppc64.o | sed 's|[^/]*$|.deps/&|;s|\.o$||'`;\
g++ -DHAVE_CONFIG_H -I. -I./src  -I./src   -Wmissing-braces -Wnon-virtual-dtor -Woverloaded-virtual -Wreorder -Wsign-compare -Wunused-local-typedefs -Wunused-variable -Wvla -Werror -fPIC -march=x86-64 -mtune=generic -O2 -pipe -fno-plt -fexceptions         -Wp,-D_FORTIFY_SOURCE=3 -Wformat -Werror=format-security         -fstack-clash-protection -fcf-protection         -fno-omit-frame-pointer -mno-omit-leaf-frame-pointer -Wp,-D_GLIBCXX_ASSERTIONS -g -ffile-prefix-map=/home/pridxd/.cache/yay/google-breakpad/src=/usr/src/debug/google-breakpad -flto=auto -MT src/processor/stackwalker_ppc64.o -MD -MP -MF $depbase.Tpo -c -o src/processor/stackwalker_ppc64.o src/processor/stackwalker_ppc64.cc &&\
mv -f $depbase.Tpo $depbase.Po
depbase=`echo src/processor/stackwalker_riscv.o | sed 's|[^/]*$|.deps/&|;s|\.o$||'`;\
g++ -DHAVE_CONFIG_H -I. -I./src  -I./src   -Wmissing-braces -Wnon-virtual-dtor -Woverloaded-virtual -Wreorder -Wsign-compare -Wunused-local-typedefs -Wunused-variable -Wvla -Werror -fPIC -march=x86-64 -mtune=generic -O2 -pipe -fno-plt -fexceptions         -Wp,-D_FORTIFY_SOURCE=3 -Wformat -Werror=format-security         -fstack-clash-protection -fcf-protection         -fno-omit-frame-pointer -mno-omit-leaf-frame-pointer -Wp,-D_GLIBCXX_ASSERTIONS -g -ffile-prefix-map=/home/pridxd/.cache/yay/google-breakpad/src=/usr/src/debug/google-breakpad -flto=auto -MT src/processor/stackwalker_riscv.o -MD -MP -MF $depbase.Tpo -c -o src/processor/stackwalker_riscv.o src/processor/stackwalker_riscv.cc &&\
mv -f $depbase.Tpo $depbase.Po
depbase=`echo src/processor/stackwalker_riscv64.o | sed 's|[^/]*$|.deps/&|;s|\.o$||'`;\
g++ -DHAVE_CONFIG_H -I. -I./src  -I./src   -Wmissing-braces -Wnon-virtual-dtor -Woverloaded-virtual -Wreorder -Wsign-compare -Wunused-local-typedefs -Wunused-variable -Wvla -Werror -fPIC -march=x86-64 -mtune=generic -O2 -pipe -fno-plt -fexceptions         -Wp,-D_FORTIFY_SOURCE=3 -Wformat -Werror=format-security         -fstack-clash-protection -fcf-protection         -fno-omit-frame-pointer -mno-omit-leaf-frame-pointer -Wp,-D_GLIBCXX_ASSERTIONS -g -ffile-prefix-map=/home/pridxd/.cache/yay/google-breakpad/src=/usr/src/debug/google-breakpad -flto=auto -MT src/processor/stackwalker_riscv64.o -MD -MP -MF $depbase.Tpo -c -o src/processor/stackwalker_riscv64.o src/processor/stackwalker_riscv64.cc &&\
mv -f $depbase.Tpo $depbase.Po
depbase=`echo src/processor/stackwalker_sparc.o | sed 's|[^/]*$|.deps/&|;s|\.o$||'`;\
g++ -DHAVE_CONFIG_H -I. -I./src  -I./src   -Wmissing-braces -Wnon-virtual-dtor -Woverloaded-virtual -Wreorder -Wsign-compare -Wunused-local-typedefs -Wunused-variable -Wvla -Werror -fPIC -march=x86-64 -mtune=generic -O2 -pipe -fno-plt -fexceptions         -Wp,-D_FORTIFY_SOURCE=3 -Wformat -Werror=format-security         -fstack-clash-protection -fcf-protection         -fno-omit-frame-pointer -mno-omit-leaf-frame-pointer -Wp,-D_GLIBCXX_ASSERTIONS -g -ffile-prefix-map=/home/pridxd/.cache/yay/google-breakpad/src=/usr/src/debug/google-breakpad -flto=auto -MT src/processor/stackwalker_sparc.o -MD -MP -MF $depbase.Tpo -c -o src/processor/stackwalker_sparc.o src/processor/stackwalker_sparc.cc &&\
mv -f $depbase.Tpo $depbase.Po
depbase=`echo src/processor/stackwalker_x86.o | sed 's|[^/]*$|.deps/&|;s|\.o$||'`;\
g++ -DHAVE_CONFIG_H -I. -I./src  -I./src   -Wmissing-braces -Wnon-virtual-dtor -Woverloaded-virtual -Wreorder -Wsign-compare -Wunused-local-typedefs -Wunused-variable -Wvla -Werror -fPIC -march=x86-64 -mtune=generic -O2 -pipe -fno-plt -fexceptions         -Wp,-D_FORTIFY_SOURCE=3 -Wformat -Werror=format-security         -fstack-clash-protection -fcf-protection         -fno-omit-frame-pointer -mno-omit-leaf-frame-pointer -Wp,-D_GLIBCXX_ASSERTIONS -g -ffile-prefix-map=/home/pridxd/.cache/yay/google-breakpad/src=/usr/src/debug/google-breakpad -flto=auto -MT src/processor/stackwalker_x86.o -MD -MP -MF $depbase.Tpo -c -o src/processor/stackwalker_x86.o src/processor/stackwalker_x86.cc &&\
mv -f $depbase.Tpo $depbase.Po
depbase=`echo src/processor/tokenize.o | sed 's|[^/]*$|.deps/&|;s|\.o$||'`;\
g++ -DHAVE_CONFIG_H -I. -I./src  -I./src   -Wmissing-braces -Wnon-virtual-dtor -Woverloaded-virtual -Wreorder -Wsign-compare -Wunused-local-typedefs -Wunused-variable -Wvla -Werror -fPIC -march=x86-64 -mtune=generic -O2 -pipe -fno-plt -fexceptions         -Wp,-D_FORTIFY_SOURCE=3 -Wformat -Werror=format-security         -fstack-clash-protection -fcf-protection         -fno-omit-frame-pointer -mno-omit-leaf-frame-pointer -Wp,-D_GLIBCXX_ASSERTIONS -g -ffile-prefix-map=/home/pridxd/.cache/yay/google-breakpad/src=/usr/src/debug/google-breakpad -flto=auto -MT src/processor/tokenize.o -MD -MP -MF $depbase.Tpo -c -o src/processor/tokenize.o src/processor/tokenize.cc &&\
mv -f $depbase.Tpo $depbase.Po
depbase=`echo src/third_party/libdisasm/ia32_implicit.o | sed 's|[^/]*$|.deps/&|;s|\.o$||'`;\
gcc -DHAVE_CONFIG_H -I. -I./src  -I./src  -fPIC -march=x86-64 -mtune=generic -O2 -pipe -fno-plt -fexceptions         -Wp,-D_FORTIFY_SOURCE=3 -Wformat -Werror=format-security         -fstack-clash-protection -fcf-protection         -fno-omit-frame-pointer -mno-omit-leaf-frame-pointer -g -ffile-prefix-map=/home/pridxd/.cache/yay/google-breakpad/src=/usr/src/debug/google-breakpad -flto=auto -MT src/third_party/libdisasm/ia32_implicit.o -MD -MP -MF $depbase.Tpo -c -o src/third_party/libdisasm/ia32_implicit.o src/third_party/libdisasm/ia32_implicit.c &&\
mv -f $depbase.Tpo $depbase.Po
depbase=`echo src/third_party/libdisasm/ia32_insn.o | sed 's|[^/]*$|.deps/&|;s|\.o$||'`;\
gcc -DHAVE_CONFIG_H -I. -I./src  -I./src  -fPIC -march=x86-64 -mtune=generic -O2 -pipe -fno-plt -fexceptions         -Wp,-D_FORTIFY_SOURCE=3 -Wformat -Werror=format-security         -fstack-clash-protection -fcf-protection         -fno-omit-frame-pointer -mno-omit-leaf-frame-pointer -g -ffile-prefix-map=/home/pridxd/.cache/yay/google-breakpad/src=/usr/src/debug/google-breakpad -flto=auto -MT src/third_party/libdisasm/ia32_insn.o -MD -MP -MF $depbase.Tpo -c -o src/third_party/libdisasm/ia32_insn.o src/third_party/libdisasm/ia32_insn.c &&\
mv -f $depbase.Tpo $depbase.Po
depbase=`echo src/third_party/libdisasm/ia32_invariant.o | sed 's|[^/]*$|.deps/&|;s|\.o$||'`;\
gcc -DHAVE_CONFIG_H -I. -I./src  -I./src  -fPIC -march=x86-64 -mtune=generic -O2 -pipe -fno-plt -fexceptions         -Wp,-D_FORTIFY_SOURCE=3 -Wformat -Werror=format-security         -fstack-clash-protection -fcf-protection         -fno-omit-frame-pointer -mno-omit-leaf-frame-pointer -g -ffile-prefix-map=/home/pridxd/.cache/yay/google-breakpad/src=/usr/src/debug/google-breakpad -flto=auto -MT src/third_party/libdisasm/ia32_invariant.o -MD -MP -MF $depbase.Tpo -c -o src/third_party/libdisasm/ia32_invariant.o src/third_party/libdisasm/ia32_invariant.c &&\
mv -f $depbase.Tpo $depbase.Po
depbase=`echo src/third_party/libdisasm/ia32_modrm.o | sed 's|[^/]*$|.deps/&|;s|\.o$||'`;\
gcc -DHAVE_CONFIG_H -I. -I./src  -I./src  -fPIC -march=x86-64 -mtune=generic -O2 -pipe -fno-plt -fexceptions         -Wp,-D_FORTIFY_SOURCE=3 -Wformat -Werror=format-security         -fstack-clash-protection -fcf-protection         -fno-omit-frame-pointer -mno-omit-leaf-frame-pointer -g -ffile-prefix-map=/home/pridxd/.cache/yay/google-breakpad/src=/usr/src/debug/google-breakpad -flto=auto -MT src/third_party/libdisasm/ia32_modrm.o -MD -MP -MF $depbase.Tpo -c -o src/third_party/libdisasm/ia32_modrm.o src/third_party/libdisasm/ia32_modrm.c &&\
mv -f $depbase.Tpo $depbase.Po
depbase=`echo src/third_party/libdisasm/ia32_opcode_tables.o | sed 's|[^/]*$|.deps/&|;s|\.o$||'`;\
gcc -DHAVE_CONFIG_H -I. -I./src  -I./src  -fPIC -march=x86-64 -mtune=generic -O2 -pipe -fno-plt -fexceptions         -Wp,-D_FORTIFY_SOURCE=3 -Wformat -Werror=format-security         -fstack-clash-protection -fcf-protection         -fno-omit-frame-pointer -mno-omit-leaf-frame-pointer -g -ffile-prefix-map=/home/pridxd/.cache/yay/google-breakpad/src=/usr/src/debug/google-breakpad -flto=auto -MT src/third_party/libdisasm/ia32_opcode_tables.o -MD -MP -MF $depbase.Tpo -c -o src/third_party/libdisasm/ia32_opcode_tables.o src/third_party/libdisasm/ia32_opcode_tables.c &&\
mv -f $depbase.Tpo $depbase.Po
depbase=`echo src/third_party/libdisasm/ia32_operand.o | sed 's|[^/]*$|.deps/&|;s|\.o$||'`;\
gcc -DHAVE_CONFIG_H -I. -I./src  -I./src  -fPIC -march=x86-64 -mtune=generic -O2 -pipe -fno-plt -fexceptions         -Wp,-D_FORTIFY_SOURCE=3 -Wformat -Werror=format-security         -fstack-clash-protection -fcf-protection         -fno-omit-frame-pointer -mno-omit-leaf-frame-pointer -g -ffile-prefix-map=/home/pridxd/.cache/yay/google-breakpad/src=/usr/src/debug/google-breakpad -flto=auto -MT src/third_party/libdisasm/ia32_operand.o -MD -MP -MF $depbase.Tpo -c -o src/third_party/libdisasm/ia32_operand.o src/third_party/libdisasm/ia32_operand.c &&\
mv -f $depbase.Tpo $depbase.Po
depbase=`echo src/third_party/libdisasm/ia32_reg.o | sed 's|[^/]*$|.deps/&|;s|\.o$||'`;\
gcc -DHAVE_CONFIG_H -I. -I./src  -I./src  -fPIC -march=x86-64 -mtune=generic -O2 -pipe -fno-plt -fexceptions         -Wp,-D_FORTIFY_SOURCE=3 -Wformat -Werror=format-security         -fstack-clash-protection -fcf-protection         -fno-omit-frame-pointer -mno-omit-leaf-frame-pointer -g -ffile-prefix-map=/home/pridxd/.cache/yay/google-breakpad/src=/usr/src/debug/google-breakpad -flto=auto -MT src/third_party/libdisasm/ia32_reg.o -MD -MP -MF $depbase.Tpo -c -o src/third_party/libdisasm/ia32_reg.o src/third_party/libdisasm/ia32_reg.c &&\
mv -f $depbase.Tpo $depbase.Po
depbase=`echo src/third_party/libdisasm/ia32_settings.o | sed 's|[^/]*$|.deps/&|;s|\.o$||'`;\
gcc -DHAVE_CONFIG_H -I. -I./src  -I./src  -fPIC -march=x86-64 -mtune=generic -O2 -pipe -fno-plt -fexceptions         -Wp,-D_FORTIFY_SOURCE=3 -Wformat -Werror=format-security         -fstack-clash-protection -fcf-protection         -fno-omit-frame-pointer -mno-omit-leaf-frame-pointer -g -ffile-prefix-map=/home/pridxd/.cache/yay/google-breakpad/src=/usr/src/debug/google-breakpad -flto=auto -MT src/third_party/libdisasm/ia32_settings.o -MD -MP -MF $depbase.Tpo -c -o src/third_party/libdisasm/ia32_settings.o src/third_party/libdisasm/ia32_settings.c &&\
mv -f $depbase.Tpo $depbase.Po
depbase=`echo src/third_party/libdisasm/x86_disasm.o | sed 's|[^/]*$|.deps/&|;s|\.o$||'`;\
gcc -DHAVE_CONFIG_H -I. -I./src  -I./src  -fPIC -march=x86-64 -mtune=generic -O2 -pipe -fno-plt -fexceptions         -Wp,-D_FORTIFY_SOURCE=3 -Wformat -Werror=format-security         -fstack-clash-protection -fcf-protection         -fno-omit-frame-pointer -mno-omit-leaf-frame-pointer -g -ffile-prefix-map=/home/pridxd/.cache/yay/google-breakpad/src=/usr/src/debug/google-breakpad -flto=auto -MT src/third_party/libdisasm/x86_disasm.o -MD -MP -MF $depbase.Tpo -c -o src/third_party/libdisasm/x86_disasm.o src/third_party/libdisasm/x86_disasm.c &&\
mv -f $depbase.Tpo $depbase.Po
depbase=`echo src/third_party/libdisasm/x86_format.o | sed 's|[^/]*$|.deps/&|;s|\.o$||'`;\
gcc -DHAVE_CONFIG_H -I. -I./src  -I./src  -fPIC -march=x86-64 -mtune=generic -O2 -pipe -fno-plt -fexceptions         -Wp,-D_FORTIFY_SOURCE=3 -Wformat -Werror=format-security         -fstack-clash-protection -fcf-protection         -fno-omit-frame-pointer -mno-omit-leaf-frame-pointer -g -ffile-prefix-map=/home/pridxd/.cache/yay/google-breakpad/src=/usr/src/debug/google-breakpad -flto=auto -MT src/third_party/libdisasm/x86_format.o -MD -MP -MF $depbase.Tpo -c -o src/third_party/libdisasm/x86_format.o src/third_party/libdisasm/x86_format.c &&\
mv -f $depbase.Tpo $depbase.Po
depbase=`echo src/third_party/libdisasm/x86_imm.o | sed 's|[^/]*$|.deps/&|;s|\.o$||'`;\
gcc -DHAVE_CONFIG_H -I. -I./src  -I./src  -fPIC -march=x86-64 -mtune=generic -O2 -pipe -fno-plt -fexceptions         -Wp,-D_FORTIFY_SOURCE=3 -Wformat -Werror=format-security         -fstack-clash-protection -fcf-protection         -fno-omit-frame-pointer -mno-omit-leaf-frame-pointer -g -ffile-prefix-map=/home/pridxd/.cache/yay/google-breakpad/src=/usr/src/debug/google-breakpad -flto=auto -MT src/third_party/libdisasm/x86_imm.o -MD -MP -MF $depbase.Tpo -c -o src/third_party/libdisasm/x86_imm.o src/third_party/libdisasm/x86_imm.c &&\
mv -f $depbase.Tpo $depbase.Po
depbase=`echo src/third_party/libdisasm/x86_insn.o | sed 's|[^/]*$|.deps/&|;s|\.o$||'`;\
gcc -DHAVE_CONFIG_H -I. -I./src  -I./src  -fPIC -march=x86-64 -mtune=generic -O2 -pipe -fno-plt -fexceptions         -Wp,-D_FORTIFY_SOURCE=3 -Wformat -Werror=format-security         -fstack-clash-protection -fcf-protection         -fno-omit-frame-pointer -mno-omit-leaf-frame-pointer -g -ffile-prefix-map=/home/pridxd/.cache/yay/google-breakpad/src=/usr/src/debug/google-breakpad -flto=auto -MT src/third_party/libdisasm/x86_insn.o -MD -MP -MF $depbase.Tpo -c -o src/third_party/libdisasm/x86_insn.o src/third_party/libdisasm/x86_insn.c &&\
mv -f $depbase.Tpo $depbase.Po
depbase=`echo src/third_party/libdisasm/x86_misc.o | sed 's|[^/]*$|.deps/&|;s|\.o$||'`;\
gcc -DHAVE_CONFIG_H -I. -I./src  -I./src  -fPIC -march=x86-64 -mtune=generic -O2 -pipe -fno-plt -fexceptions         -Wp,-D_FORTIFY_SOURCE=3 -Wformat -Werror=format-security         -fstack-clash-protection -fcf-protection         -fno-omit-frame-pointer -mno-omit-leaf-frame-pointer -g -ffile-prefix-map=/home/pridxd/.cache/yay/google-breakpad/src=/usr/src/debug/google-breakpad -flto=auto -MT src/third_party/libdisasm/x86_misc.o -MD -MP -MF $depbase.Tpo -c -o src/third_party/libdisasm/x86_misc.o src/third_party/libdisasm/x86_misc.c &&\
mv -f $depbase.Tpo $depbase.Po
depbase=`echo src/third_party/libdisasm/x86_operand_list.o | sed 's|[^/]*$|.deps/&|;s|\.o$||'`;\
gcc -DHAVE_CONFIG_H -I. -I./src  -I./src  -fPIC -march=x86-64 -mtune=generic -O2 -pipe -fno-plt -fexceptions         -Wp,-D_FORTIFY_SOURCE=3 -Wformat -Werror=format-security         -fstack-clash-protection -fcf-protection         -fno-omit-frame-pointer -mno-omit-leaf-frame-pointer -g -ffile-prefix-map=/home/pridxd/.cache/yay/google-breakpad/src=/usr/src/debug/google-breakpad -flto=auto -MT src/third_party/libdisasm/x86_operand_list.o -MD -MP -MF $depbase.Tpo -c -o src/third_party/libdisasm/x86_operand_list.o src/third_party/libdisasm/x86_operand_list.c &&\
mv -f $depbase.Tpo $depbase.Po
rm -f src/third_party/libdisasm/libdisasm.a
ar cr src/third_party/libdisasm/libdisasm.a src/third_party/libdisasm/ia32_implicit.o src/third_party/libdisasm/ia32_insn.o src/third_party/libdisasm/ia32_invariant.o src/third_party/libdisasm/ia32_modrm.o src/third_party/libdisasm/ia32_opcode_tables.o src/third_party/libdisasm/ia32_operand.o src/third_party/libdisasm/ia32_reg.o src/third_party/libdisasm/ia32_settings.o src/third_party/libdisasm/x86_disasm.o src/third_party/libdisasm/x86_format.o src/third_party/libdisasm/x86_imm.o src/third_party/libdisasm/x86_insn.o src/third_party/libdisasm/x86_misc.o src/third_party/libdisasm/x86_operand_list.o 
ranlib src/third_party/libdisasm/libdisasm.a
depbase=`echo src/common/linux/scoped_pipe.o | sed 's|[^/]*$|.deps/&|;s|\.o$||'`;\
g++ -DHAVE_CONFIG_H -I. -I./src  -I./src   -Wmissing-braces -Wnon-virtual-dtor -Woverloaded-virtual -Wreorder -Wsign-compare -Wunused-local-typedefs -Wunused-variable -Wvla -Werror -fPIC -march=x86-64 -mtune=generic -O2 -pipe -fno-plt -fexceptions         -Wp,-D_FORTIFY_SOURCE=3 -Wformat -Werror=format-security         -fstack-clash-protection -fcf-protection         -fno-omit-frame-pointer -mno-omit-leaf-frame-pointer -Wp,-D_GLIBCXX_ASSERTIONS -g -ffile-prefix-map=/home/pridxd/.cache/yay/google-breakpad/src=/usr/src/debug/google-breakpad -flto=auto -MT src/common/linux/scoped_pipe.o -MD -MP -MF $depbase.Tpo -c -o src/common/linux/scoped_pipe.o src/common/linux/scoped_pipe.cc &&\
mv -f $depbase.Tpo $depbase.Po
depbase=`echo src/common/linux/scoped_tmpfile.o | sed 's|[^/]*$|.deps/&|;s|\.o$||'`;\
g++ -DHAVE_CONFIG_H -I. -I./src  -I./src   -Wmissing-braces -Wnon-virtual-dtor -Woverloaded-virtual -Wreorder -Wsign-compare -Wunused-local-typedefs -Wunused-variable -Wvla -Werror -fPIC -march=x86-64 -mtune=generic -O2 -pipe -fno-plt -fexceptions         -Wp,-D_FORTIFY_SOURCE=3 -Wformat -Werror=format-security         -fstack-clash-protection -fcf-protection         -fno-omit-frame-pointer -mno-omit-leaf-frame-pointer -Wp,-D_GLIBCXX_ASSERTIONS -g -ffile-prefix-map=/home/pridxd/.cache/yay/google-breakpad/src=/usr/src/debug/google-breakpad -flto=auto -MT src/common/linux/scoped_tmpfile.o -MD -MP -MF $depbase.Tpo -c -o src/common/linux/scoped_tmpfile.o src/common/linux/scoped_tmpfile.cc &&\
mv -f $depbase.Tpo $depbase.Po
depbase=`echo src/processor/disassembler_objdump.o | sed 's|[^/]*$|.deps/&|;s|\.o$||'`;\
g++ -DHAVE_CONFIG_H -I. -I./src  -I./src   -Wmissing-braces -Wnon-virtual-dtor -Woverloaded-virtual -Wreorder -Wsign-compare -Wunused-local-typedefs -Wunused-variable -Wvla -Werror -fPIC -march=x86-64 -mtune=generic -O2 -pipe -fno-plt -fexceptions         -Wp,-D_FORTIFY_SOURCE=3 -Wformat -Werror=format-security         -fstack-clash-protection -fcf-protection         -fno-omit-frame-pointer -mno-omit-leaf-frame-pointer -Wp,-D_GLIBCXX_ASSERTIONS -g -ffile-prefix-map=/home/pridxd/.cache/yay/google-breakpad/src=/usr/src/debug/google-breakpad -flto=auto -MT src/processor/disassembler_objdump.o -MD -MP -MF $depbase.Tpo -c -o src/processor/disassembler_objdump.o src/processor/disassembler_objdump.cc &&\
mv -f $depbase.Tpo $depbase.Po
g++  -Wmissing-braces -Wnon-virtual-dtor -Woverloaded-virtual -Wreorder -Wsign-compare -Wunused-local-typedefs -Wunused-variable -Wvla -Werror -fPIC -march=x86-64 -mtune=generic -O2 -pipe -fno-plt -fexceptions         -Wp,-D_FORTIFY_SOURCE=3 -Wformat -Werror=format-security         -fstack-clash-protection -fcf-protection         -fno-omit-frame-pointer -mno-omit-leaf-frame-pointer -Wp,-D_GLIBCXX_ASSERTIONS -g -ffile-prefix-map=/home/pridxd/.cache/yay/google-breakpad/src=/usr/src/debug/google-breakpad -flto=auto  -Wl,-O1 -Wl,--sort-common -Wl,--as-needed -Wl,-z,relro -Wl,-z,now          -Wl,-z,pack-relative-relocs -flto=auto -o src/processor/microdump_stackwalk src/processor/microdump_stackwalk.o src/common/path_helper.o src/processor/basic_code_modules.o src/processor/basic_source_line_resolver.o src/processor/call_stack.o src/processor/convert_old_arm64_context.o src/processor/cfi_frame_info.o src/processor/disassembler_x86.o src/processor/dump_context.o src/processor/dump_object.o src/processor/logging.o src/processor/microdump.o src/processor/microdump_processor.o src/processor/pathname_stripper.o src/processor/process_state.o src/processor/simple_symbol_supplier.o src/processor/source_line_resolver_base.o src/processor/stack_frame_cpu.o src/processor/stack_frame_symbolizer.o src/processor/stackwalk_common.o src/processor/stackwalker.o src/processor/stackwalker_address_list.o src/processor/stackwalker_amd64.o src/processor/stackwalker_arm.o src/processor/stackwalker_arm64.o src/processor/stackwalker_mips.o src/processor/stackwalker_ppc.o src/processor/stackwalker_ppc64.o src/processor/stackwalker_riscv.o src/processor/stackwalker_riscv64.o src/processor/stackwalker_sparc.o src/processor/stackwalker_x86.o src/processor/tokenize.o src/third_party/libdisasm/libdisasm.a src/common/linux/scoped_pipe.o src/common/linux/scoped_tmpfile.o src/processor/disassembler_objdump.o 
depbase=`echo src/processor/minidump_dump.o | sed 's|[^/]*$|.deps/&|;s|\.o$||'`;\
g++ -DHAVE_CONFIG_H -I. -I./src  -I./src   -Wmissing-braces -Wnon-virtual-dtor -Woverloaded-virtual -Wreorder -Wsign-compare -Wunused-local-typedefs -Wunused-variable -Wvla -Werror -fPIC -march=x86-64 -mtune=generic -O2 -pipe -fno-plt -fexceptions         -Wp,-D_FORTIFY_SOURCE=3 -Wformat -Werror=format-security         -fstack-clash-protection -fcf-protection         -fno-omit-frame-pointer -mno-omit-leaf-frame-pointer -Wp,-D_GLIBCXX_ASSERTIONS -g -ffile-prefix-map=/home/pridxd/.cache/yay/google-breakpad/src=/usr/src/debug/google-breakpad -flto=auto -MT src/processor/minidump_dump.o -MD -MP -MF $depbase.Tpo -c -o src/processor/minidump_dump.o src/processor/minidump_dump.cc &&\
mv -f $depbase.Tpo $depbase.Po
depbase=`echo src/processor/minidump.o | sed 's|[^/]*$|.deps/&|;s|\.o$||'`;\
g++ -DHAVE_CONFIG_H -I. -I./src  -I./src   -Wmissing-braces -Wnon-virtual-dtor -Woverloaded-virtual -Wreorder -Wsign-compare -Wunused-local-typedefs -Wunused-variable -Wvla -Werror -fPIC -march=x86-64 -mtune=generic -O2 -pipe -fno-plt -fexceptions         -Wp,-D_FORTIFY_SOURCE=3 -Wformat -Werror=format-security         -fstack-clash-protection -fcf-protection         -fno-omit-frame-pointer -mno-omit-leaf-frame-pointer -Wp,-D_GLIBCXX_ASSERTIONS -g -ffile-prefix-map=/home/pridxd/.cache/yay/google-breakpad/src=/usr/src/debug/google-breakpad -flto=auto -MT src/processor/minidump.o -MD -MP -MF $depbase.Tpo -c -o src/processor/minidump.o src/processor/minidump.cc &&\
mv -f $depbase.Tpo $depbase.Po
depbase=`echo src/processor/proc_maps_linux.o | sed 's|[^/]*$|.deps/&|;s|\.o$||'`;\
g++ -DHAVE_CONFIG_H -I. -I./src  -I./src   -Wmissing-braces -Wnon-virtual-dtor -Woverloaded-virtual -Wreorder -Wsign-compare -Wunused-local-typedefs -Wunused-variable -Wvla -Werror -fPIC -march=x86-64 -mtune=generic -O2 -pipe -fno-plt -fexceptions         -Wp,-D_FORTIFY_SOURCE=3 -Wformat -Werror=format-security         -fstack-clash-protection -fcf-protection         -fno-omit-frame-pointer -mno-omit-leaf-frame-pointer -Wp,-D_GLIBCXX_ASSERTIONS -g -ffile-prefix-map=/home/pridxd/.cache/yay/google-breakpad/src=/usr/src/debug/google-breakpad -flto=auto -MT src/processor/proc_maps_linux.o -MD -MP -MF $depbase.Tpo -c -o src/processor/proc_maps_linux.o src/processor/proc_maps_linux.cc &&\
mv -f $depbase.Tpo $depbase.Po
g++  -Wmissing-braces -Wnon-virtual-dtor -Woverloaded-virtual -Wreorder -Wsign-compare -Wunused-local-typedefs -Wunused-variable -Wvla -Werror -fPIC -march=x86-64 -mtune=generic -O2 -pipe -fno-plt -fexceptions         -Wp,-D_FORTIFY_SOURCE=3 -Wformat -Werror=format-security         -fstack-clash-protection -fcf-protection         -fno-omit-frame-pointer -mno-omit-leaf-frame-pointer -Wp,-D_GLIBCXX_ASSERTIONS -g -ffile-prefix-map=/home/pridxd/.cache/yay/google-breakpad/src=/usr/src/debug/google-breakpad -flto=auto  -Wl,-O1 -Wl,--sort-common -Wl,--as-needed -Wl,-z,relro -Wl,-z,now          -Wl,-z,pack-relative-relocs -flto=auto -o src/processor/minidump_dump src/processor/minidump_dump.o src/common/path_helper.o src/processor/basic_code_modules.o src/processor/convert_old_arm64_context.o src/processor/dump_context.o src/processor/dump_object.o src/processor/logging.o src/processor/minidump.o src/processor/pathname_stripper.o src/processor/proc_maps_linux.o 
depbase=`echo src/processor/minidump_stackwalk.o | sed 's|[^/]*$|.deps/&|;s|\.o$||'`;\
g++ -DHAVE_CONFIG_H -I. -I./src  -I./src   -Wmissing-braces -Wnon-virtual-dtor -Woverloaded-virtual -Wreorder -Wsign-compare -Wunused-local-typedefs -Wunused-variable -Wvla -Werror -fPIC -march=x86-64 -mtune=generic -O2 -pipe -fno-plt -fexceptions         -Wp,-D_FORTIFY_SOURCE=3 -Wformat -Werror=format-security         -fstack-clash-protection -fcf-protection         -fno-omit-frame-pointer -mno-omit-leaf-frame-pointer -Wp,-D_GLIBCXX_ASSERTIONS -g -ffile-prefix-map=/home/pridxd/.cache/yay/google-breakpad/src=/usr/src/debug/google-breakpad -flto=auto -MT src/processor/minidump_stackwalk.o -MD -MP -MF $depbase.Tpo -c -o src/processor/minidump_stackwalk.o src/processor/minidump_stackwalk.cc &&\
mv -f $depbase.Tpo $depbase.Po
depbase=`echo src/processor/exploitability.o | sed 's|[^/]*$|.deps/&|;s|\.o$||'`;\
g++ -DHAVE_CONFIG_H -I. -I./src  -I./src   -Wmissing-braces -Wnon-virtual-dtor -Woverloaded-virtual -Wreorder -Wsign-compare -Wunused-local-typedefs -Wunused-variable -Wvla -Werror -fPIC -march=x86-64 -mtune=generic -O2 -pipe -fno-plt -fexceptions         -Wp,-D_FORTIFY_SOURCE=3 -Wformat -Werror=format-security         -fstack-clash-protection -fcf-protection         -fno-omit-frame-pointer -mno-omit-leaf-frame-pointer -Wp,-D_GLIBCXX_ASSERTIONS -g -ffile-prefix-map=/home/pridxd/.cache/yay/google-breakpad/src=/usr/src/debug/google-breakpad -flto=auto -MT src/processor/exploitability.o -MD -MP -MF $depbase.Tpo -c -o src/processor/exploitability.o src/processor/exploitability.cc &&\
mv -f $depbase.Tpo $depbase.Po
depbase=`echo src/processor/exploitability_linux.o | sed 's|[^/]*$|.deps/&|;s|\.o$||'`;\
g++ -DHAVE_CONFIG_H -I. -I./src  -I./src   -Wmissing-braces -Wnon-virtual-dtor -Woverloaded-virtual -Wreorder -Wsign-compare -Wunused-local-typedefs -Wunused-variable -Wvla -Werror -fPIC -march=x86-64 -mtune=generic -O2 -pipe -fno-plt -fexceptions         -Wp,-D_FORTIFY_SOURCE=3 -Wformat -Werror=format-security         -fstack-clash-protection -fcf-protection         -fno-omit-frame-pointer -mno-omit-leaf-frame-pointer -Wp,-D_GLIBCXX_ASSERTIONS -g -ffile-prefix-map=/home/pridxd/.cache/yay/google-breakpad/src=/usr/src/debug/google-breakpad -flto=auto -MT src/processor/exploitability_linux.o -MD -MP -MF $depbase.Tpo -c -o src/processor/exploitability_linux.o src/processor/exploitability_linux.cc &&\
mv -f $depbase.Tpo $depbase.Po
depbase=`echo src/processor/exploitability_win.o | sed 's|[^/]*$|.deps/&|;s|\.o$||'`;\
g++ -DHAVE_CONFIG_H -I. -I./src  -I./src   -Wmissing-braces -Wnon-virtual-dtor -Woverloaded-virtual -Wreorder -Wsign-compare -Wunused-local-typedefs -Wunused-variable -Wvla -Werror -fPIC -march=x86-64 -mtune=generic -O2 -pipe -fno-plt -fexceptions         -Wp,-D_FORTIFY_SOURCE=3 -Wformat -Werror=format-security         -fstack-clash-protection -fcf-protection         -fno-omit-frame-pointer -mno-omit-leaf-frame-pointer -Wp,-D_GLIBCXX_ASSERTIONS -g -ffile-prefix-map=/home/pridxd/.cache/yay/google-breakpad/src=/usr/src/debug/google-breakpad -flto=auto -MT src/processor/exploitability_win.o -MD -MP -MF $depbase.Tpo -c -o src/processor/exploitability_win.o src/processor/exploitability_win.cc &&\
mv -f $depbase.Tpo $depbase.Po
depbase=`echo src/processor/minidump_processor.o | sed 's|[^/]*$|.deps/&|;s|\.o$||'`;\
g++ -DHAVE_CONFIG_H -I. -I./src  -I./src   -Wmissing-braces -Wnon-virtual-dtor -Woverloaded-virtual -Wreorder -Wsign-compare -Wunused-local-typedefs -Wunused-variable -Wvla -Werror -fPIC -march=x86-64 -mtune=generic -O2 -pipe -fno-plt -fexceptions         -Wp,-D_FORTIFY_SOURCE=3 -Wformat -Werror=format-security         -fstack-clash-protection -fcf-protection         -fno-omit-frame-pointer -mno-omit-leaf-frame-pointer -Wp,-D_GLIBCXX_ASSERTIONS -g -ffile-prefix-map=/home/pridxd/.cache/yay/google-breakpad/src=/usr/src/debug/google-breakpad -flto=auto -MT src/processor/minidump_processor.o -MD -MP -MF $depbase.Tpo -c -o src/processor/minidump_processor.o src/processor/minidump_processor.cc &&\
mv -f $depbase.Tpo $depbase.Po
depbase=`echo src/processor/symbolic_constants_win.o | sed 's|[^/]*$|.deps/&|;s|\.o$||'`;\
g++ -DHAVE_CONFIG_H -I. -I./src  -I./src   -Wmissing-braces -Wnon-virtual-dtor -Woverloaded-virtual -Wreorder -Wsign-compare -Wunused-local-typedefs -Wunused-variable -Wvla -Werror -fPIC -march=x86-64 -mtune=generic -O2 -pipe -fno-plt -fexceptions         -Wp,-D_FORTIFY_SOURCE=3 -Wformat -Werror=format-security         -fstack-clash-protection -fcf-protection         -fno-omit-frame-pointer -mno-omit-leaf-frame-pointer -Wp,-D_GLIBCXX_ASSERTIONS -g -ffile-prefix-map=/home/pridxd/.cache/yay/google-breakpad/src=/usr/src/debug/google-breakpad -flto=auto -MT src/processor/symbolic_constants_win.o -MD -MP -MF $depbase.Tpo -c -o src/processor/symbolic_constants_win.o src/processor/symbolic_constants_win.cc &&\
mv -f $depbase.Tpo $depbase.Po
g++  -Wmissing-braces -Wnon-virtual-dtor -Woverloaded-virtual -Wreorder -Wsign-compare -Wunused-local-typedefs -Wunused-variable -Wvla -Werror -fPIC -march=x86-64 -mtune=generic -O2 -pipe -fno-plt -fexceptions         -Wp,-D_FORTIFY_SOURCE=3 -Wformat -Werror=format-security         -fstack-clash-protection -fcf-protection         -fno-omit-frame-pointer -mno-omit-leaf-frame-pointer -Wp,-D_GLIBCXX_ASSERTIONS -g -ffile-prefix-map=/home/pridxd/.cache/yay/google-breakpad/src=/usr/src/debug/google-breakpad -flto=auto  -Wl,-O1 -Wl,--sort-common -Wl,--as-needed -Wl,-z,relro -Wl,-z,now          -Wl,-z,pack-relative-relocs -flto=auto -o src/processor/minidump_stackwalk src/processor/minidump_stackwalk.o src/common/path_helper.o src/processor/basic_code_modules.o src/processor/basic_source_line_resolver.o src/processor/call_stack.o src/processor/cfi_frame_info.o src/processor/convert_old_arm64_context.o src/processor/disassembler_x86.o src/processor/dump_context.o src/processor/dump_object.o src/processor/exploitability.o src/processor/exploitability_linux.o src/processor/exploitability_win.o src/processor/logging.o src/processor/minidump.o src/processor/minidump_processor.o src/processor/pathname_stripper.o src/processor/process_state.o src/processor/proc_maps_linux.o src/processor/simple_symbol_supplier.o src/processor/source_line_resolver_base.o src/processor/stack_frame_cpu.o src/processor/stack_frame_symbolizer.o src/processor/stackwalk_common.o src/processor/stackwalker.o src/processor/stackwalker_address_list.o src/processor/stackwalker_amd64.o src/processor/stackwalker_arm.o src/processor/stackwalker_arm64.o src/processor/stackwalker_mips.o src/processor/stackwalker_ppc.o src/processor/stackwalker_ppc64.o src/processor/stackwalker_riscv.o src/processor/stackwalker_riscv64.o src/processor/stackwalker_sparc.o src/processor/stackwalker_x86.o src/processor/symbolic_constants_win.o src/processor/tokenize.o src/third_party/libdisasm/libdisasm.a src/common/linux/scoped_pipe.o src/common/linux/scoped_tmpfile.o src/processor/disassembler_objdump.o 
depbase=`echo src/tools/linux/core2md/core2md.o | sed 's|[^/]*$|.deps/&|;s|\.o$||'`;\
g++ -DHAVE_CONFIG_H -I. -I./src  -I./src   -Wmissing-braces -Wnon-virtual-dtor -Woverloaded-virtual -Wreorder -Wsign-compare -Wunused-local-typedefs -Wunused-variable -Wvla -Werror -fPIC -march=x86-64 -mtune=generic -O2 -pipe -fno-plt -fexceptions         -Wp,-D_FORTIFY_SOURCE=3 -Wformat -Werror=format-security         -fstack-clash-protection -fcf-protection         -fno-omit-frame-pointer -mno-omit-leaf-frame-pointer -Wp,-D_GLIBCXX_ASSERTIONS -g -ffile-prefix-map=/home/pridxd/.cache/yay/google-breakpad/src=/usr/src/debug/google-breakpad -flto=auto -MT src/tools/linux/core2md/core2md.o -MD -MP -MF $depbase.Tpo -c -o src/tools/linux/core2md/core2md.o src/tools/linux/core2md/core2md.cc &&\
mv -f $depbase.Tpo $depbase.Po
depbase=`echo src/client/linux/crash_generation/crash_generation_client.o | sed 's|[^/]*$|.deps/&|;s|\.o$||'`;\
g++ -DHAVE_CONFIG_H -I. -I./src  -I./src   -Wmissing-braces -Wnon-virtual-dtor -Woverloaded-virtual -Wreorder -Wsign-compare -Wunused-local-typedefs -Wunused-variable -Wvla -Werror -fPIC -march=x86-64 -mtune=generic -O2 -pipe -fno-plt -fexceptions         -Wp,-D_FORTIFY_SOURCE=3 -Wformat -Werror=format-security         -fstack-clash-protection -fcf-protection         -fno-omit-frame-pointer -mno-omit-leaf-frame-pointer -Wp,-D_GLIBCXX_ASSERTIONS -g -ffile-prefix-map=/home/pridxd/.cache/yay/google-breakpad/src=/usr/src/debug/google-breakpad -flto=auto -MT src/client/linux/crash_generation/crash_generation_client.o -MD -MP -MF $depbase.Tpo -c -o src/client/linux/crash_generation/crash_generation_client.o src/client/linux/crash_generation/crash_generation_client.cc &&\
mv -f $depbase.Tpo $depbase.Po
depbase=`echo src/client/linux/crash_generation/crash_generation_server.o | sed 's|[^/]*$|.deps/&|;s|\.o$||'`;\
g++ -DHAVE_CONFIG_H -I. -I./src  -I./src   -Wmissing-braces -Wnon-virtual-dtor -Woverloaded-virtual -Wreorder -Wsign-compare -Wunused-local-typedefs -Wunused-variable -Wvla -Werror -fPIC -march=x86-64 -mtune=generic -O2 -pipe -fno-plt -fexceptions         -Wp,-D_FORTIFY_SOURCE=3 -Wformat -Werror=format-security         -fstack-clash-protection -fcf-protection         -fno-omit-frame-pointer -mno-omit-leaf-frame-pointer -Wp,-D_GLIBCXX_ASSERTIONS -g -ffile-prefix-map=/home/pridxd/.cache/yay/google-breakpad/src=/usr/src/debug/google-breakpad -flto=auto -MT src/client/linux/crash_generation/crash_generation_server.o -MD -MP -MF $depbase.Tpo -c -o src/client/linux/crash_generation/crash_generation_server.o src/client/linux/crash_generation/crash_generation_server.cc &&\
mv -f $depbase.Tpo $depbase.Po
depbase=`echo src/client/linux/dump_writer_common/thread_info.o | sed 's|[^/]*$|.deps/&|;s|\.o$||'`;\
g++ -DHAVE_CONFIG_H -I. -I./src  -I./src   -Wmissing-braces -Wnon-virtual-dtor -Woverloaded-virtual -Wreorder -Wsign-compare -Wunused-local-typedefs -Wunused-variable -Wvla -Werror -fPIC -march=x86-64 -mtune=generic -O2 -pipe -fno-plt -fexceptions         -Wp,-D_FORTIFY_SOURCE=3 -Wformat -Werror=format-security         -fstack-clash-protection -fcf-protection         -fno-omit-frame-pointer -mno-omit-leaf-frame-pointer -Wp,-D_GLIBCXX_ASSERTIONS -g -ffile-prefix-map=/home/pridxd/.cache/yay/google-breakpad/src=/usr/src/debug/google-breakpad -flto=auto -MT src/client/linux/dump_writer_common/thread_info.o -MD -MP -MF $depbase.Tpo -c -o src/client/linux/dump_writer_common/thread_info.o src/client/linux/dump_writer_common/thread_info.cc &&\
mv -f $depbase.Tpo $depbase.Po
depbase=`echo src/client/linux/dump_writer_common/ucontext_reader.o | sed 's|[^/]*$|.deps/&|;s|\.o$||'`;\
g++ -DHAVE_CONFIG_H -I. -I./src  -I./src   -Wmissing-braces -Wnon-virtual-dtor -Woverloaded-virtual -Wreorder -Wsign-compare -Wunused-local-typedefs -Wunused-variable -Wvla -Werror -fPIC -march=x86-64 -mtune=generic -O2 -pipe -fno-plt -fexceptions         -Wp,-D_FORTIFY_SOURCE=3 -Wformat -Werror=format-security         -fstack-clash-protection -fcf-protection         -fno-omit-frame-pointer -mno-omit-leaf-frame-pointer -Wp,-D_GLIBCXX_ASSERTIONS -g -ffile-prefix-map=/home/pridxd/.cache/yay/google-breakpad/src=/usr/src/debug/google-breakpad -flto=auto -MT src/client/linux/dump_writer_common/ucontext_reader.o -MD -MP -MF $depbase.Tpo -c -o src/client/linux/dump_writer_common/ucontext_reader.o src/client/linux/dump_writer_common/ucontext_reader.cc &&\
mv -f $depbase.Tpo $depbase.Po
depbase=`echo src/client/linux/handler/exception_handler.o | sed 's|[^/]*$|.deps/&|;s|\.o$||'`;\
g++ -DHAVE_CONFIG_H -I. -I./src  -I./src   -Wmissing-braces -Wnon-virtual-dtor -Woverloaded-virtual -Wreorder -Wsign-compare -Wunused-local-typedefs -Wunused-variable -Wvla -Werror -fPIC -march=x86-64 -mtune=generic -O2 -pipe -fno-plt -fexceptions         -Wp,-D_FORTIFY_SOURCE=3 -Wformat -Werror=format-security         -fstack-clash-protection -fcf-protection         -fno-omit-frame-pointer -mno-omit-leaf-frame-pointer -Wp,-D_GLIBCXX_ASSERTIONS -g -ffile-prefix-map=/home/pridxd/.cache/yay/google-breakpad/src=/usr/src/debug/google-breakpad -flto=auto -MT src/client/linux/handler/exception_handler.o -MD -MP -MF $depbase.Tpo -c -o src/client/linux/handler/exception_handler.o src/client/linux/handler/exception_handler.cc &&\
mv -f $depbase.Tpo $depbase.Po
depbase=`echo src/client/linux/handler/minidump_descriptor.o | sed 's|[^/]*$|.deps/&|;s|\.o$||'`;\
g++ -DHAVE_CONFIG_H -I. -I./src  -I./src   -Wmissing-braces -Wnon-virtual-dtor -Woverloaded-virtual -Wreorder -Wsign-compare -Wunused-local-typedefs -Wunused-variable -Wvla -Werror -fPIC -march=x86-64 -mtune=generic -O2 -pipe -fno-plt -fexceptions         -Wp,-D_FORTIFY_SOURCE=3 -Wformat -Werror=format-security         -fstack-clash-protection -fcf-protection         -fno-omit-frame-pointer -mno-omit-leaf-frame-pointer -Wp,-D_GLIBCXX_ASSERTIONS -g -ffile-prefix-map=/home/pridxd/.cache/yay/google-breakpad/src=/usr/src/debug/google-breakpad -flto=auto -MT src/client/linux/handler/minidump_descriptor.o -MD -MP -MF $depbase.Tpo -c -o src/client/linux/handler/minidump_descriptor.o src/client/linux/handler/minidump_descriptor.cc &&\
mv -f $depbase.Tpo $depbase.Po
depbase=`echo src/client/linux/log/log.o | sed 's|[^/]*$|.deps/&|;s|\.o$||'`;\
g++ -DHAVE_CONFIG_H -I. -I./src  -I./src   -Wmissing-braces -Wnon-virtual-dtor -Woverloaded-virtual -Wreorder -Wsign-compare -Wunused-local-typedefs -Wunused-variable -Wvla -Werror -fPIC -march=x86-64 -mtune=generic -O2 -pipe -fno-plt -fexceptions         -Wp,-D_FORTIFY_SOURCE=3 -Wformat -Werror=format-security         -fstack-clash-protection -fcf-protection         -fno-omit-frame-pointer -mno-omit-leaf-frame-pointer -Wp,-D_GLIBCXX_ASSERTIONS -g -ffile-prefix-map=/home/pridxd/.cache/yay/google-breakpad/src=/usr/src/debug/google-breakpad -flto=auto -MT src/client/linux/log/log.o -MD -MP -MF $depbase.Tpo -c -o src/client/linux/log/log.o src/client/linux/log/log.cc &&\
mv -f $depbase.Tpo $depbase.Po
depbase=`echo src/client/linux/microdump_writer/microdump_writer.o | sed 's|[^/]*$|.deps/&|;s|\.o$||'`;\
g++ -DHAVE_CONFIG_H -I. -I./src  -I./src   -Wmissing-braces -Wnon-virtual-dtor -Woverloaded-virtual -Wreorder -Wsign-compare -Wunused-local-typedefs -Wunused-variable -Wvla -Werror -fPIC -march=x86-64 -mtune=generic -O2 -pipe -fno-plt -fexceptions         -Wp,-D_FORTIFY_SOURCE=3 -Wformat -Werror=format-security         -fstack-clash-protection -fcf-protection         -fno-omit-frame-pointer -mno-omit-leaf-frame-pointer -Wp,-D_GLIBCXX_ASSERTIONS -g -ffile-prefix-map=/home/pridxd/.cache/yay/google-breakpad/src=/usr/src/debug/google-breakpad -flto=auto -MT src/client/linux/microdump_writer/microdump_writer.o -MD -MP -MF $depbase.Tpo -c -o src/client/linux/microdump_writer/microdump_writer.o src/client/linux/microdump_writer/microdump_writer.cc &&\
mv -f $depbase.Tpo $depbase.Po
depbase=`echo src/client/linux/minidump_writer/linux_core_dumper.o | sed 's|[^/]*$|.deps/&|;s|\.o$||'`;\
g++ -DHAVE_CONFIG_H -I. -I./src  -I./src   -Wmissing-braces -Wnon-virtual-dtor -Woverloaded-virtual -Wreorder -Wsign-compare -Wunused-local-typedefs -Wunused-variable -Wvla -Werror -fPIC -march=x86-64 -mtune=generic -O2 -pipe -fno-plt -fexceptions         -Wp,-D_FORTIFY_SOURCE=3 -Wformat -Werror=format-security         -fstack-clash-protection -fcf-protection         -fno-omit-frame-pointer -mno-omit-leaf-frame-pointer -Wp,-D_GLIBCXX_ASSERTIONS -g -ffile-prefix-map=/home/pridxd/.cache/yay/google-breakpad/src=/usr/src/debug/google-breakpad -flto=auto -MT src/client/linux/minidump_writer/linux_core_dumper.o -MD -MP -MF $depbase.Tpo -c -o src/client/linux/minidump_writer/linux_core_dumper.o src/client/linux/minidump_writer/linux_core_dumper.cc &&\
mv -f $depbase.Tpo $depbase.Po
depbase=`echo src/client/linux/minidump_writer/linux_dumper.o | sed 's|[^/]*$|.deps/&|;s|\.o$||'`;\
g++ -DHAVE_CONFIG_H -I. -I./src  -I./src   -Wmissing-braces -Wnon-virtual-dtor -Woverloaded-virtual -Wreorder -Wsign-compare -Wunused-local-typedefs -Wunused-variable -Wvla -Werror -fPIC -march=x86-64 -mtune=generic -O2 -pipe -fno-plt -fexceptions         -Wp,-D_FORTIFY_SOURCE=3 -Wformat -Werror=format-security         -fstack-clash-protection -fcf-protection         -fno-omit-frame-pointer -mno-omit-leaf-frame-pointer -Wp,-D_GLIBCXX_ASSERTIONS -g -ffile-prefix-map=/home/pridxd/.cache/yay/google-breakpad/src=/usr/src/debug/google-breakpad -flto=auto -MT src/client/linux/minidump_writer/linux_dumper.o -MD -MP -MF $depbase.Tpo -c -o src/client/linux/minidump_writer/linux_dumper.o src/client/linux/minidump_writer/linux_dumper.cc &&\
mv -f $depbase.Tpo $depbase.Po
depbase=`echo src/client/linux/minidump_writer/linux_ptrace_dumper.o | sed 's|[^/]*$|.deps/&|;s|\.o$||'`;\
g++ -DHAVE_CONFIG_H -I. -I./src  -I./src   -Wmissing-braces -Wnon-virtual-dtor -Woverloaded-virtual -Wreorder -Wsign-compare -Wunused-local-typedefs -Wunused-variable -Wvla -Werror -fPIC -march=x86-64 -mtune=generic -O2 -pipe -fno-plt -fexceptions         -Wp,-D_FORTIFY_SOURCE=3 -Wformat -Werror=format-security         -fstack-clash-protection -fcf-protection         -fno-omit-frame-pointer -mno-omit-leaf-frame-pointer -Wp,-D_GLIBCXX_ASSERTIONS -g -ffile-prefix-map=/home/pridxd/.cache/yay/google-breakpad/src=/usr/src/debug/google-breakpad -flto=auto -MT src/client/linux/minidump_writer/linux_ptrace_dumper.o -MD -MP -MF $depbase.Tpo -c -o src/client/linux/minidump_writer/linux_ptrace_dumper.o src/client/linux/minidump_writer/linux_ptrace_dumper.cc &&\
mv -f $depbase.Tpo $depbase.Po
depbase=`echo src/client/linux/minidump_writer/minidump_writer.o | sed 's|[^/]*$|.deps/&|;s|\.o$||'`;\
g++ -DHAVE_CONFIG_H -I. -I./src  -I./src   -Wmissing-braces -Wnon-virtual-dtor -Woverloaded-virtual -Wreorder -Wsign-compare -Wunused-local-typedefs -Wunused-variable -Wvla -Werror -fPIC -march=x86-64 -mtune=generic -O2 -pipe -fno-plt -fexceptions         -Wp,-D_FORTIFY_SOURCE=3 -Wformat -Werror=format-security         -fstack-clash-protection -fcf-protection         -fno-omit-frame-pointer -mno-omit-leaf-frame-pointer -Wp,-D_GLIBCXX_ASSERTIONS -g -ffile-prefix-map=/home/pridxd/.cache/yay/google-breakpad/src=/usr/src/debug/google-breakpad -flto=auto -MT src/client/linux/minidump_writer/minidump_writer.o -MD -MP -MF $depbase.Tpo -c -o src/client/linux/minidump_writer/minidump_writer.o src/client/linux/minidump_writer/minidump_writer.cc &&\
mv -f $depbase.Tpo $depbase.Po
depbase=`echo src/client/linux/minidump_writer/pe_file.o | sed 's|[^/]*$|.deps/&|;s|\.o$||'`;\
g++ -DHAVE_CONFIG_H -I. -I./src  -I./src   -Wmissing-braces -Wnon-virtual-dtor -Woverloaded-virtual -Wreorder -Wsign-compare -Wunused-local-typedefs -Wunused-variable -Wvla -Werror -fPIC -march=x86-64 -mtune=generic -O2 -pipe -fno-plt -fexceptions         -Wp,-D_FORTIFY_SOURCE=3 -Wformat -Werror=format-security         -fstack-clash-protection -fcf-protection         -fno-omit-frame-pointer -mno-omit-leaf-frame-pointer -Wp,-D_GLIBCXX_ASSERTIONS -g -ffile-prefix-map=/home/pridxd/.cache/yay/google-breakpad/src=/usr/src/debug/google-breakpad -flto=auto -MT src/client/linux/minidump_writer/pe_file.o -MD -MP -MF $depbase.Tpo -c -o src/client/linux/minidump_writer/pe_file.o src/client/linux/minidump_writer/pe_file.cc &&\
mv -f $depbase.Tpo $depbase.Po
depbase=`echo src/client/minidump_file_writer.o | sed 's|[^/]*$|.deps/&|;s|\.o$||'`;\
g++ -DHAVE_CONFIG_H -I. -I./src  -I./src   -Wmissing-braces -Wnon-virtual-dtor -Woverloaded-virtual -Wreorder -Wsign-compare -Wunused-local-typedefs -Wunused-variable -Wvla -Werror -fPIC -march=x86-64 -mtune=generic -O2 -pipe -fno-plt -fexceptions         -Wp,-D_FORTIFY_SOURCE=3 -Wformat -Werror=format-security         -fstack-clash-protection -fcf-protection         -fno-omit-frame-pointer -mno-omit-leaf-frame-pointer -Wp,-D_GLIBCXX_ASSERTIONS -g -ffile-prefix-map=/home/pridxd/.cache/yay/google-breakpad/src=/usr/src/debug/google-breakpad -flto=auto -MT src/client/minidump_file_writer.o -MD -MP -MF $depbase.Tpo -c -o src/client/minidump_file_writer.o src/client/minidump_file_writer.cc &&\
mv -f $depbase.Tpo $depbase.Po
depbase=`echo src/common/convert_UTF.o | sed 's|[^/]*$|.deps/&|;s|\.o$||'`;\
g++ -DHAVE_CONFIG_H -I. -I./src  -I./src   -Wmissing-braces -Wnon-virtual-dtor -Woverloaded-virtual -Wreorder -Wsign-compare -Wunused-local-typedefs -Wunused-variable -Wvla -Werror -fPIC -march=x86-64 -mtune=generic -O2 -pipe -fno-plt -fexceptions         -Wp,-D_FORTIFY_SOURCE=3 -Wformat -Werror=format-security         -fstack-clash-protection -fcf-protection         -fno-omit-frame-pointer -mno-omit-leaf-frame-pointer -Wp,-D_GLIBCXX_ASSERTIONS -g -ffile-prefix-map=/home/pridxd/.cache/yay/google-breakpad/src=/usr/src/debug/google-breakpad -flto=auto -MT src/common/convert_UTF.o -MD -MP -MF $depbase.Tpo -c -o src/common/convert_UTF.o src/common/convert_UTF.cc &&\
mv -f $depbase.Tpo $depbase.Po
depbase=`echo src/common/md5.o | sed 's|[^/]*$|.deps/&|;s|\.o$||'`;\
g++ -DHAVE_CONFIG_H -I. -I./src  -I./src   -Wmissing-braces -Wnon-virtual-dtor -Woverloaded-virtual -Wreorder -Wsign-compare -Wunused-local-typedefs -Wunused-variable -Wvla -Werror -fPIC -march=x86-64 -mtune=generic -O2 -pipe -fno-plt -fexceptions         -Wp,-D_FORTIFY_SOURCE=3 -Wformat -Werror=format-security         -fstack-clash-protection -fcf-protection         -fno-omit-frame-pointer -mno-omit-leaf-frame-pointer -Wp,-D_GLIBCXX_ASSERTIONS -g -ffile-prefix-map=/home/pridxd/.cache/yay/google-breakpad/src=/usr/src/debug/google-breakpad -flto=auto -MT src/common/md5.o -MD -MP -MF $depbase.Tpo -c -o src/common/md5.o src/common/md5.cc &&\
mv -f $depbase.Tpo $depbase.Po
depbase=`echo src/common/string_conversion.o | sed 's|[^/]*$|.deps/&|;s|\.o$||'`;\
g++ -DHAVE_CONFIG_H -I. -I./src  -I./src   -Wmissing-braces -Wnon-virtual-dtor -Woverloaded-virtual -Wreorder -Wsign-compare -Wunused-local-typedefs -Wunused-variable -Wvla -Werror -fPIC -march=x86-64 -mtune=generic -O2 -pipe -fno-plt -fexceptions         -Wp,-D_FORTIFY_SOURCE=3 -Wformat -Werror=format-security         -fstack-clash-protection -fcf-protection         -fno-omit-frame-pointer -mno-omit-leaf-frame-pointer -Wp,-D_GLIBCXX_ASSERTIONS -g -ffile-prefix-map=/home/pridxd/.cache/yay/google-breakpad/src=/usr/src/debug/google-breakpad -flto=auto -MT src/common/string_conversion.o -MD -MP -MF $depbase.Tpo -c -o src/common/string_conversion.o src/common/string_conversion.cc &&\
mv -f $depbase.Tpo $depbase.Po
depbase=`echo src/common/linux/elf_core_dump.o | sed 's|[^/]*$|.deps/&|;s|\.o$||'`;\
g++ -DHAVE_CONFIG_H -I. -I./src  -I./src   -Wmissing-braces -Wnon-virtual-dtor -Woverloaded-virtual -Wreorder -Wsign-compare -Wunused-local-typedefs -Wunused-variable -Wvla -Werror -fPIC -march=x86-64 -mtune=generic -O2 -pipe -fno-plt -fexceptions         -Wp,-D_FORTIFY_SOURCE=3 -Wformat -Werror=format-security         -fstack-clash-protection -fcf-protection         -fno-omit-frame-pointer -mno-omit-leaf-frame-pointer -Wp,-D_GLIBCXX_ASSERTIONS -g -ffile-prefix-map=/home/pridxd/.cache/yay/google-breakpad/src=/usr/src/debug/google-breakpad -flto=auto -MT src/common/linux/elf_core_dump.o -MD -MP -MF $depbase.Tpo -c -o src/common/linux/elf_core_dump.o src/common/linux/elf_core_dump.cc &&\
mv -f $depbase.Tpo $depbase.Po
depbase=`echo src/common/linux/elfutils.o | sed 's|[^/]*$|.deps/&|;s|\.o$||'`;\
g++ -DHAVE_CONFIG_H -I. -I./src  -I./src   -Wmissing-braces -Wnon-virtual-dtor -Woverloaded-virtual -Wreorder -Wsign-compare -Wunused-local-typedefs -Wunused-variable -Wvla -Werror -fPIC -march=x86-64 -mtune=generic -O2 -pipe -fno-plt -fexceptions         -Wp,-D_FORTIFY_SOURCE=3 -Wformat -Werror=format-security         -fstack-clash-protection -fcf-protection         -fno-omit-frame-pointer -mno-omit-leaf-frame-pointer -Wp,-D_GLIBCXX_ASSERTIONS -g -ffile-prefix-map=/home/pridxd/.cache/yay/google-breakpad/src=/usr/src/debug/google-breakpad -flto=auto -MT src/common/linux/elfutils.o -MD -MP -MF $depbase.Tpo -c -o src/common/linux/elfutils.o src/common/linux/elfutils.cc &&\
mv -f $depbase.Tpo $depbase.Po
depbase=`echo src/common/linux/file_id.o | sed 's|[^/]*$|.deps/&|;s|\.o$||'`;\
g++ -DHAVE_CONFIG_H -I. -I./src  -I./src   -Wmissing-braces -Wnon-virtual-dtor -Woverloaded-virtual -Wreorder -Wsign-compare -Wunused-local-typedefs -Wunused-variable -Wvla -Werror -fPIC -march=x86-64 -mtune=generic -O2 -pipe -fno-plt -fexceptions         -Wp,-D_FORTIFY_SOURCE=3 -Wformat -Werror=format-security         -fstack-clash-protection -fcf-protection         -fno-omit-frame-pointer -mno-omit-leaf-frame-pointer -Wp,-D_GLIBCXX_ASSERTIONS -g -ffile-prefix-map=/home/pridxd/.cache/yay/google-breakpad/src=/usr/src/debug/google-breakpad -flto=auto -MT src/common/linux/file_id.o -MD -MP -MF $depbase.Tpo -c -o src/common/linux/file_id.o src/common/linux/file_id.cc &&\
mv -f $depbase.Tpo $depbase.Po
depbase=`echo src/common/linux/guid_creator.o | sed 's|[^/]*$|.deps/&|;s|\.o$||'`;\
g++ -DHAVE_CONFIG_H -I. -I./src  -I./src   -Wmissing-braces -Wnon-virtual-dtor -Woverloaded-virtual -Wreorder -Wsign-compare -Wunused-local-typedefs -Wunused-variable -Wvla -Werror -fPIC -march=x86-64 -mtune=generic -O2 -pipe -fno-plt -fexceptions         -Wp,-D_FORTIFY_SOURCE=3 -Wformat -Werror=format-security         -fstack-clash-protection -fcf-protection         -fno-omit-frame-pointer -mno-omit-leaf-frame-pointer -Wp,-D_GLIBCXX_ASSERTIONS -g -ffile-prefix-map=/home/pridxd/.cache/yay/google-breakpad/src=/usr/src/debug/google-breakpad -flto=auto -MT src/common/linux/guid_creator.o -MD -MP -MF $depbase.Tpo -c -o src/common/linux/guid_creator.o src/common/linux/guid_creator.cc &&\
mv -f $depbase.Tpo $depbase.Po
depbase=`echo src/common/linux/linux_libc_support.o | sed 's|[^/]*$|.deps/&|;s|\.o$||'`;\
g++ -DHAVE_CONFIG_H -I. -I./src  -I./src   -Wmissing-braces -Wnon-virtual-dtor -Woverloaded-virtual -Wreorder -Wsign-compare -Wunused-local-typedefs -Wunused-variable -Wvla -Werror -fPIC -march=x86-64 -mtune=generic -O2 -pipe -fno-plt -fexceptions         -Wp,-D_FORTIFY_SOURCE=3 -Wformat -Werror=format-security         -fstack-clash-protection -fcf-protection         -fno-omit-frame-pointer -mno-omit-leaf-frame-pointer -Wp,-D_GLIBCXX_ASSERTIONS -g -ffile-prefix-map=/home/pridxd/.cache/yay/google-breakpad/src=/usr/src/debug/google-breakpad -flto=auto -MT src/common/linux/linux_libc_support.o -MD -MP -MF $depbase.Tpo -c -o src/common/linux/linux_libc_support.o src/common/linux/linux_libc_support.cc &&\
mv -f $depbase.Tpo $depbase.Po
depbase=`echo src/common/linux/memory_mapped_file.o | sed 's|[^/]*$|.deps/&|;s|\.o$||'`;\
g++ -DHAVE_CONFIG_H -I. -I./src  -I./src   -Wmissing-braces -Wnon-virtual-dtor -Woverloaded-virtual -Wreorder -Wsign-compare -Wunused-local-typedefs -Wunused-variable -Wvla -Werror -fPIC -march=x86-64 -mtune=generic -O2 -pipe -fno-plt -fexceptions         -Wp,-D_FORTIFY_SOURCE=3 -Wformat -Werror=format-security         -fstack-clash-protection -fcf-protection         -fno-omit-frame-pointer -mno-omit-leaf-frame-pointer -Wp,-D_GLIBCXX_ASSERTIONS -g -ffile-prefix-map=/home/pridxd/.cache/yay/google-breakpad/src=/usr/src/debug/google-breakpad -flto=auto -MT src/common/linux/memory_mapped_file.o -MD -MP -MF $depbase.Tpo -c -o src/common/linux/memory_mapped_file.o src/common/linux/memory_mapped_file.cc &&\
mv -f $depbase.Tpo $depbase.Po
depbase=`echo src/common/linux/safe_readlink.o | sed 's|[^/]*$|.deps/&|;s|\.o$||'`;\
g++ -DHAVE_CONFIG_H -I. -I./src  -I./src   -Wmissing-braces -Wnon-virtual-dtor -Woverloaded-virtual -Wreorder -Wsign-compare -Wunused-local-typedefs -Wunused-variable -Wvla -Werror -fPIC -march=x86-64 -mtune=generic -O2 -pipe -fno-plt -fexceptions         -Wp,-D_FORTIFY_SOURCE=3 -Wformat -Werror=format-security         -fstack-clash-protection -fcf-protection         -fno-omit-frame-pointer -mno-omit-leaf-frame-pointer -Wp,-D_GLIBCXX_ASSERTIONS -g -ffile-prefix-map=/home/pridxd/.cache/yay/google-breakpad/src=/usr/src/debug/google-breakpad -flto=auto -MT src/common/linux/safe_readlink.o -MD -MP -MF $depbase.Tpo -c -o src/common/linux/safe_readlink.o src/common/linux/safe_readlink.cc &&\
mv -f $depbase.Tpo $depbase.Po
rm -f src/client/linux/libbreakpad_client.a
ar cr src/client/linux/libbreakpad_client.a src/client/linux/crash_generation/crash_generation_client.o src/client/linux/crash_generation/crash_generation_server.o src/client/linux/dump_writer_common/thread_info.o src/client/linux/dump_writer_common/ucontext_reader.o src/client/linux/handler/exception_handler.o src/client/linux/handler/minidump_descriptor.o src/client/linux/log/log.o src/client/linux/microdump_writer/microdump_writer.o src/client/linux/minidump_writer/linux_core_dumper.o src/client/linux/minidump_writer/linux_dumper.o src/client/linux/minidump_writer/linux_ptrace_dumper.o src/client/linux/minidump_writer/minidump_writer.o src/client/linux/minidump_writer/pe_file.o src/client/minidump_file_writer.o src/common/convert_UTF.o src/common/md5.o src/common/string_conversion.o src/common/linux/elf_core_dump.o src/common/linux/elfutils.o src/common/linux/file_id.o src/common/linux/guid_creator.o src/common/linux/linux_libc_support.o src/common/linux/memory_mapped_file.o src/common/linux/safe_readlink.o  
ranlib src/client/linux/libbreakpad_client.a
g++  -Wmissing-braces -Wnon-virtual-dtor -Woverloaded-virtual -Wreorder -Wsign-compare -Wunused-local-typedefs -Wunused-variable -Wvla -Werror -fPIC -march=x86-64 -mtune=generic -O2 -pipe -fno-plt -fexceptions         -Wp,-D_FORTIFY_SOURCE=3 -Wformat -Werror=format-security         -fstack-clash-protection -fcf-protection         -fno-omit-frame-pointer -mno-omit-leaf-frame-pointer -Wp,-D_GLIBCXX_ASSERTIONS -g -ffile-prefix-map=/home/pridxd/.cache/yay/google-breakpad/src=/usr/src/debug/google-breakpad -flto=auto  -Wl,-O1 -Wl,--sort-common -Wl,--as-needed -Wl,-z,relro -Wl,-z,now          -Wl,-z,pack-relative-relocs -flto=auto -o src/tools/linux/core2md/core2md src/tools/linux/core2md/core2md.o src/client/linux/libbreakpad_client.a src/common/path_helper.o 
depbase=`echo src/tools/linux/pid2md/pid2md.o | sed 's|[^/]*$|.deps/&|;s|\.o$||'`;\
g++ -DHAVE_CONFIG_H -I. -I./src  -I./src   -Wmissing-braces -Wnon-virtual-dtor -Woverloaded-virtual -Wreorder -Wsign-compare -Wunused-local-typedefs -Wunused-variable -Wvla -Werror -fPIC -march=x86-64 -mtune=generic -O2 -pipe -fno-plt -fexceptions         -Wp,-D_FORTIFY_SOURCE=3 -Wformat -Werror=format-security         -fstack-clash-protection -fcf-protection         -fno-omit-frame-pointer -mno-omit-leaf-frame-pointer -Wp,-D_GLIBCXX_ASSERTIONS -g -ffile-prefix-map=/home/pridxd/.cache/yay/google-breakpad/src=/usr/src/debug/google-breakpad -flto=auto -MT src/tools/linux/pid2md/pid2md.o -MD -MP -MF $depbase.Tpo -c -o src/tools/linux/pid2md/pid2md.o src/tools/linux/pid2md/pid2md.cc &&\
mv -f $depbase.Tpo $depbase.Po
g++  -Wmissing-braces -Wnon-virtual-dtor -Woverloaded-virtual -Wreorder -Wsign-compare -Wunused-local-typedefs -Wunused-variable -Wvla -Werror -fPIC -march=x86-64 -mtune=generic -O2 -pipe -fno-plt -fexceptions         -Wp,-D_FORTIFY_SOURCE=3 -Wformat -Werror=format-security         -fstack-clash-protection -fcf-protection         -fno-omit-frame-pointer -mno-omit-leaf-frame-pointer -Wp,-D_GLIBCXX_ASSERTIONS -g -ffile-prefix-map=/home/pridxd/.cache/yay/google-breakpad/src=/usr/src/debug/google-breakpad -flto=auto  -Wl,-O1 -Wl,--sort-common -Wl,--as-needed -Wl,-z,relro -Wl,-z,now          -Wl,-z,pack-relative-relocs -flto=auto -o src/tools/linux/pid2md/pid2md src/tools/linux/pid2md/pid2md.o src/client/linux/libbreakpad_client.a src/common/path_helper.o 
g++ -DHAVE_CONFIG_H -I. -I./src  -I./src    -march=x86-64 -mtune=generic -O2 -pipe -fno-plt -fexceptions         -Wp,-D_FORTIFY_SOURCE=3 -Wformat -Werror=format-security         -fstack-clash-protection -fcf-protection         -fno-omit-frame-pointer -mno-omit-leaf-frame-pointer -Wp,-D_GLIBCXX_ASSERTIONS -g -ffile-prefix-map=/home/pridxd/.cache/yay/google-breakpad/src=/usr/src/debug/google-breakpad -flto=auto -MT src/common/tools_linux_dump_syms_dump_syms-dwarf_cfi_to_module.o -MD -MP -MF src/common/.deps/tools_linux_dump_syms_dump_syms-dwarf_cfi_to_module.Tpo -c -o src/common/tools_linux_dump_syms_dump_syms-dwarf_cfi_to_module.o `test -f 'src/common/dwarf_cfi_to_module.cc' || echo './'`src/common/dwarf_cfi_to_module.cc
mv -f src/common/.deps/tools_linux_dump_syms_dump_syms-dwarf_cfi_to_module.Tpo src/common/.deps/tools_linux_dump_syms_dump_syms-dwarf_cfi_to_module.Po
g++ -DHAVE_CONFIG_H -I. -I./src  -I./src    -march=x86-64 -mtune=generic -O2 -pipe -fno-plt -fexceptions         -Wp,-D_FORTIFY_SOURCE=3 -Wformat -Werror=format-security         -fstack-clash-protection -fcf-protection         -fno-omit-frame-pointer -mno-omit-leaf-frame-pointer -Wp,-D_GLIBCXX_ASSERTIONS -g -ffile-prefix-map=/home/pridxd/.cache/yay/google-breakpad/src=/usr/src/debug/google-breakpad -flto=auto -MT src/common/tools_linux_dump_syms_dump_syms-dwarf_cu_to_module.o -MD -MP -MF src/common/.deps/tools_linux_dump_syms_dump_syms-dwarf_cu_to_module.Tpo -c -o src/common/tools_linux_dump_syms_dump_syms-dwarf_cu_to_module.o `test -f 'src/common/dwarf_cu_to_module.cc' || echo './'`src/common/dwarf_cu_to_module.cc
mv -f src/common/.deps/tools_linux_dump_syms_dump_syms-dwarf_cu_to_module.Tpo src/common/.deps/tools_linux_dump_syms_dump_syms-dwarf_cu_to_module.Po
g++ -DHAVE_CONFIG_H -I. -I./src  -I./src    -march=x86-64 -mtune=generic -O2 -pipe -fno-plt -fexceptions         -Wp,-D_FORTIFY_SOURCE=3 -Wformat -Werror=format-security         -fstack-clash-protection -fcf-protection         -fno-omit-frame-pointer -mno-omit-leaf-frame-pointer -Wp,-D_GLIBCXX_ASSERTIONS -g -ffile-prefix-map=/home/pridxd/.cache/yay/google-breakpad/src=/usr/src/debug/google-breakpad -flto=auto -MT src/common/tools_linux_dump_syms_dump_syms-dwarf_line_to_module.o -MD -MP -MF src/common/.deps/tools_linux_dump_syms_dump_syms-dwarf_line_to_module.Tpo -c -o src/common/tools_linux_dump_syms_dump_syms-dwarf_line_to_module.o `test -f 'src/common/dwarf_line_to_module.cc' || echo './'`src/common/dwarf_line_to_module.cc
mv -f src/common/.deps/tools_linux_dump_syms_dump_syms-dwarf_line_to_module.Tpo src/common/.deps/tools_linux_dump_syms_dump_syms-dwarf_line_to_module.Po
g++ -DHAVE_CONFIG_H -I. -I./src  -I./src    -march=x86-64 -mtune=generic -O2 -pipe -fno-plt -fexceptions         -Wp,-D_FORTIFY_SOURCE=3 -Wformat -Werror=format-security         -fstack-clash-protection -fcf-protection         -fno-omit-frame-pointer -mno-omit-leaf-frame-pointer -Wp,-D_GLIBCXX_ASSERTIONS -g -ffile-prefix-map=/home/pridxd/.cache/yay/google-breakpad/src=/usr/src/debug/google-breakpad -flto=auto -MT src/common/tools_linux_dump_syms_dump_syms-dwarf_range_list_handler.o -MD -MP -MF src/common/.deps/tools_linux_dump_syms_dump_syms-dwarf_range_list_handler.Tpo -c -o src/common/tools_linux_dump_syms_dump_syms-dwarf_range_list_handler.o `test -f 'src/common/dwarf_range_list_handler.cc' || echo './'`src/common/dwarf_range_list_handler.cc
mv -f src/common/.deps/tools_linux_dump_syms_dump_syms-dwarf_range_list_handler.Tpo src/common/.deps/tools_linux_dump_syms_dump_syms-dwarf_range_list_handler.Po
g++ -DHAVE_CONFIG_H -I. -I./src  -I./src    -march=x86-64 -mtune=generic -O2 -pipe -fno-plt -fexceptions         -Wp,-D_FORTIFY_SOURCE=3 -Wformat -Werror=format-security         -fstack-clash-protection -fcf-protection         -fno-omit-frame-pointer -mno-omit-leaf-frame-pointer -Wp,-D_GLIBCXX_ASSERTIONS -g -ffile-prefix-map=/home/pridxd/.cache/yay/google-breakpad/src=/usr/src/debug/google-breakpad -flto=auto -MT src/common/tools_linux_dump_syms_dump_syms-language.o -MD -MP -MF src/common/.deps/tools_linux_dump_syms_dump_syms-language.Tpo -c -o src/common/tools_linux_dump_syms_dump_syms-language.o `test -f 'src/common/language.cc' || echo './'`src/common/language.cc
mv -f src/common/.deps/tools_linux_dump_syms_dump_syms-language.Tpo src/common/.deps/tools_linux_dump_syms_dump_syms-language.Po
g++ -DHAVE_CONFIG_H -I. -I./src  -I./src    -march=x86-64 -mtune=generic -O2 -pipe -fno-plt -fexceptions         -Wp,-D_FORTIFY_SOURCE=3 -Wformat -Werror=format-security         -fstack-clash-protection -fcf-protection         -fno-omit-frame-pointer -mno-omit-leaf-frame-pointer -Wp,-D_GLIBCXX_ASSERTIONS -g -ffile-prefix-map=/home/pridxd/.cache/yay/google-breakpad/src=/usr/src/debug/google-breakpad -flto=auto -MT src/common/tools_linux_dump_syms_dump_syms-module.o -MD -MP -MF src/common/.deps/tools_linux_dump_syms_dump_syms-module.Tpo -c -o src/common/tools_linux_dump_syms_dump_syms-module.o `test -f 'src/common/module.cc' || echo './'`src/common/module.cc
mv -f src/common/.deps/tools_linux_dump_syms_dump_syms-module.Tpo src/common/.deps/tools_linux_dump_syms_dump_syms-module.Po
g++ -DHAVE_CONFIG_H -I. -I./src  -I./src    -march=x86-64 -mtune=generic -O2 -pipe -fno-plt -fexceptions         -Wp,-D_FORTIFY_SOURCE=3 -Wformat -Werror=format-security         -fstack-clash-protection -fcf-protection         -fno-omit-frame-pointer -mno-omit-leaf-frame-pointer -Wp,-D_GLIBCXX_ASSERTIONS -g -ffile-prefix-map=/home/pridxd/.cache/yay/google-breakpad/src=/usr/src/debug/google-breakpad -flto=auto -MT src/common/tools_linux_dump_syms_dump_syms-path_helper.o -MD -MP -MF src/common/.deps/tools_linux_dump_syms_dump_syms-path_helper.Tpo -c -o src/common/tools_linux_dump_syms_dump_syms-path_helper.o `test -f 'src/common/path_helper.cc' || echo './'`src/common/path_helper.cc
mv -f src/common/.deps/tools_linux_dump_syms_dump_syms-path_helper.Tpo src/common/.deps/tools_linux_dump_syms_dump_syms-path_helper.Po
g++ -DHAVE_CONFIG_H -I. -I./src  -I./src    -march=x86-64 -mtune=generic -O2 -pipe -fno-plt -fexceptions         -Wp,-D_FORTIFY_SOURCE=3 -Wformat -Werror=format-security         -fstack-clash-protection -fcf-protection         -fno-omit-frame-pointer -mno-omit-leaf-frame-pointer -Wp,-D_GLIBCXX_ASSERTIONS -g -ffile-prefix-map=/home/pridxd/.cache/yay/google-breakpad/src=/usr/src/debug/google-breakpad -flto=auto -MT src/common/tools_linux_dump_syms_dump_syms-stabs_reader.o -MD -MP -MF src/common/.deps/tools_linux_dump_syms_dump_syms-stabs_reader.Tpo -c -o src/common/tools_linux_dump_syms_dump_syms-stabs_reader.o `test -f 'src/common/stabs_reader.cc' || echo './'`src/common/stabs_reader.cc
mv -f src/common/.deps/tools_linux_dump_syms_dump_syms-stabs_reader.Tpo src/common/.deps/tools_linux_dump_syms_dump_syms-stabs_reader.Po
g++ -DHAVE_CONFIG_H -I. -I./src  -I./src    -march=x86-64 -mtune=generic -O2 -pipe -fno-plt -fexceptions         -Wp,-D_FORTIFY_SOURCE=3 -Wformat -Werror=format-security         -fstack-clash-protection -fcf-protection         -fno-omit-frame-pointer -mno-omit-leaf-frame-pointer -Wp,-D_GLIBCXX_ASSERTIONS -g -ffile-prefix-map=/home/pridxd/.cache/yay/google-breakpad/src=/usr/src/debug/google-breakpad -flto=auto -MT src/common/tools_linux_dump_syms_dump_syms-stabs_to_module.o -MD -MP -MF src/common/.deps/tools_linux_dump_syms_dump_syms-stabs_to_module.Tpo -c -o src/common/tools_linux_dump_syms_dump_syms-stabs_to_module.o `test -f 'src/common/stabs_to_module.cc' || echo './'`src/common/stabs_to_module.cc
mv -f src/common/.deps/tools_linux_dump_syms_dump_syms-stabs_to_module.Tpo src/common/.deps/tools_linux_dump_syms_dump_syms-stabs_to_module.Po
g++ -DHAVE_CONFIG_H -I. -I./src  -I./src    -march=x86-64 -mtune=generic -O2 -pipe -fno-plt -fexceptions         -Wp,-D_FORTIFY_SOURCE=3 -Wformat -Werror=format-security         -fstack-clash-protection -fcf-protection         -fno-omit-frame-pointer -mno-omit-leaf-frame-pointer -Wp,-D_GLIBCXX_ASSERTIONS -g -ffile-prefix-map=/home/pridxd/.cache/yay/google-breakpad/src=/usr/src/debug/google-breakpad -flto=auto -MT src/common/dwarf/tools_linux_dump_syms_dump_syms-bytereader.o -MD -MP -MF src/common/dwarf/.deps/tools_linux_dump_syms_dump_syms-bytereader.Tpo -c -o src/common/dwarf/tools_linux_dump_syms_dump_syms-bytereader.o `test -f 'src/common/dwarf/bytereader.cc' || echo './'`src/common/dwarf/bytereader.cc
mv -f src/common/dwarf/.deps/tools_linux_dump_syms_dump_syms-bytereader.Tpo src/common/dwarf/.deps/tools_linux_dump_syms_dump_syms-bytereader.Po
g++ -DHAVE_CONFIG_H -I. -I./src  -I./src    -march=x86-64 -mtune=generic -O2 -pipe -fno-plt -fexceptions         -Wp,-D_FORTIFY_SOURCE=3 -Wformat -Werror=format-security         -fstack-clash-protection -fcf-protection         -fno-omit-frame-pointer -mno-omit-leaf-frame-pointer -Wp,-D_GLIBCXX_ASSERTIONS -g -ffile-prefix-map=/home/pridxd/.cache/yay/google-breakpad/src=/usr/src/debug/google-breakpad -flto=auto -MT src/common/dwarf/tools_linux_dump_syms_dump_syms-dwarf2diehandler.o -MD -MP -MF src/common/dwarf/.deps/tools_linux_dump_syms_dump_syms-dwarf2diehandler.Tpo -c -o src/common/dwarf/tools_linux_dump_syms_dump_syms-dwarf2diehandler.o `test -f 'src/common/dwarf/dwarf2diehandler.cc' || echo './'`src/common/dwarf/dwarf2diehandler.cc
mv -f src/common/dwarf/.deps/tools_linux_dump_syms_dump_syms-dwarf2diehandler.Tpo src/common/dwarf/.deps/tools_linux_dump_syms_dump_syms-dwarf2diehandler.Po
g++ -DHAVE_CONFIG_H -I. -I./src  -I./src    -march=x86-64 -mtune=generic -O2 -pipe -fno-plt -fexceptions         -Wp,-D_FORTIFY_SOURCE=3 -Wformat -Werror=format-security         -fstack-clash-protection -fcf-protection         -fno-omit-frame-pointer -mno-omit-leaf-frame-pointer -Wp,-D_GLIBCXX_ASSERTIONS -g -ffile-prefix-map=/home/pridxd/.cache/yay/google-breakpad/src=/usr/src/debug/google-breakpad -flto=auto -MT src/common/dwarf/tools_linux_dump_syms_dump_syms-dwarf2reader.o -MD -MP -MF src/common/dwarf/.deps/tools_linux_dump_syms_dump_syms-dwarf2reader.Tpo -c -o src/common/dwarf/tools_linux_dump_syms_dump_syms-dwarf2reader.o `test -f 'src/common/dwarf/dwarf2reader.cc' || echo './'`src/common/dwarf/dwarf2reader.cc
mv -f src/common/dwarf/.deps/tools_linux_dump_syms_dump_syms-dwarf2reader.Tpo src/common/dwarf/.deps/tools_linux_dump_syms_dump_syms-dwarf2reader.Po
g++ -DHAVE_CONFIG_H -I. -I./src  -I./src    -march=x86-64 -mtune=generic -O2 -pipe -fno-plt -fexceptions         -Wp,-D_FORTIFY_SOURCE=3 -Wformat -Werror=format-security         -fstack-clash-protection -fcf-protection         -fno-omit-frame-pointer -mno-omit-leaf-frame-pointer -Wp,-D_GLIBCXX_ASSERTIONS -g -ffile-prefix-map=/home/pridxd/.cache/yay/google-breakpad/src=/usr/src/debug/google-breakpad -flto=auto -MT src/common/dwarf/tools_linux_dump_syms_dump_syms-elf_reader.o -MD -MP -MF src/common/dwarf/.deps/tools_linux_dump_syms_dump_syms-elf_reader.Tpo -c -o src/common/dwarf/tools_linux_dump_syms_dump_syms-elf_reader.o `test -f 'src/common/dwarf/elf_reader.cc' || echo './'`src/common/dwarf/elf_reader.cc
mv -f src/common/dwarf/.deps/tools_linux_dump_syms_dump_syms-elf_reader.Tpo src/common/dwarf/.deps/tools_linux_dump_syms_dump_syms-elf_reader.Po
g++ -DHAVE_CONFIG_H -I. -I./src  -I./src    -march=x86-64 -mtune=generic -O2 -pipe -fno-plt -fexceptions         -Wp,-D_FORTIFY_SOURCE=3 -Wformat -Werror=format-security         -fstack-clash-protection -fcf-protection         -fno-omit-frame-pointer -mno-omit-leaf-frame-pointer -Wp,-D_GLIBCXX_ASSERTIONS -g -ffile-prefix-map=/home/pridxd/.cache/yay/google-breakpad/src=/usr/src/debug/google-breakpad -flto=auto -MT src/common/linux/tools_linux_dump_syms_dump_syms-crc32.o -MD -MP -MF src/common/linux/.deps/tools_linux_dump_syms_dump_syms-crc32.Tpo -c -o src/common/linux/tools_linux_dump_syms_dump_syms-crc32.o `test -f 'src/common/linux/crc32.cc' || echo './'`src/common/linux/crc32.cc
mv -f src/common/linux/.deps/tools_linux_dump_syms_dump_syms-crc32.Tpo src/common/linux/.deps/tools_linux_dump_syms_dump_syms-crc32.Po
g++ -DHAVE_CONFIG_H -I. -I./src  -I./src    -march=x86-64 -mtune=generic -O2 -pipe -fno-plt -fexceptions         -Wp,-D_FORTIFY_SOURCE=3 -Wformat -Werror=format-security         -fstack-clash-protection -fcf-protection         -fno-omit-frame-pointer -mno-omit-leaf-frame-pointer -Wp,-D_GLIBCXX_ASSERTIONS -g -ffile-prefix-map=/home/pridxd/.cache/yay/google-breakpad/src=/usr/src/debug/google-breakpad -flto=auto -MT src/common/linux/tools_linux_dump_syms_dump_syms-dump_symbols.o -MD -MP -MF src/common/linux/.deps/tools_linux_dump_syms_dump_syms-dump_symbols.Tpo -c -o src/common/linux/tools_linux_dump_syms_dump_syms-dump_symbols.o `test -f 'src/common/linux/dump_symbols.cc' || echo './'`src/common/linux/dump_symbols.cc
mv -f src/common/linux/.deps/tools_linux_dump_syms_dump_syms-dump_symbols.Tpo src/common/linux/.deps/tools_linux_dump_syms_dump_syms-dump_symbols.Po
g++ -DHAVE_CONFIG_H -I. -I./src  -I./src    -march=x86-64 -mtune=generic -O2 -pipe -fno-plt -fexceptions         -Wp,-D_FORTIFY_SOURCE=3 -Wformat -Werror=format-security         -fstack-clash-protection -fcf-protection         -fno-omit-frame-pointer -mno-omit-leaf-frame-pointer -Wp,-D_GLIBCXX_ASSERTIONS -g -ffile-prefix-map=/home/pridxd/.cache/yay/google-breakpad/src=/usr/src/debug/google-breakpad -flto=auto -MT src/common/linux/tools_linux_dump_syms_dump_syms-elf_symbols_to_module.o -MD -MP -MF src/common/linux/.deps/tools_linux_dump_syms_dump_syms-elf_symbols_to_module.Tpo -c -o src/common/linux/tools_linux_dump_syms_dump_syms-elf_symbols_to_module.o `test -f 'src/common/linux/elf_symbols_to_module.cc' || echo './'`src/common/linux/elf_symbols_to_module.cc
mv -f src/common/linux/.deps/tools_linux_dump_syms_dump_syms-elf_symbols_to_module.Tpo src/common/linux/.deps/tools_linux_dump_syms_dump_syms-elf_symbols_to_module.Po
g++ -DHAVE_CONFIG_H -I. -I./src  -I./src    -march=x86-64 -mtune=generic -O2 -pipe -fno-plt -fexceptions         -Wp,-D_FORTIFY_SOURCE=3 -Wformat -Werror=format-security         -fstack-clash-protection -fcf-protection         -fno-omit-frame-pointer -mno-omit-leaf-frame-pointer -Wp,-D_GLIBCXX_ASSERTIONS -g -ffile-prefix-map=/home/pridxd/.cache/yay/google-breakpad/src=/usr/src/debug/google-breakpad -flto=auto -MT src/common/linux/tools_linux_dump_syms_dump_syms-elfutils.o -MD -MP -MF src/common/linux/.deps/tools_linux_dump_syms_dump_syms-elfutils.Tpo -c -o src/common/linux/tools_linux_dump_syms_dump_syms-elfutils.o `test -f 'src/common/linux/elfutils.cc' || echo './'`src/common/linux/elfutils.cc
mv -f src/common/linux/.deps/tools_linux_dump_syms_dump_syms-elfutils.Tpo src/common/linux/.deps/tools_linux_dump_syms_dump_syms-elfutils.Po
g++ -DHAVE_CONFIG_H -I. -I./src  -I./src    -march=x86-64 -mtune=generic -O2 -pipe -fno-plt -fexceptions         -Wp,-D_FORTIFY_SOURCE=3 -Wformat -Werror=format-security         -fstack-clash-protection -fcf-protection         -fno-omit-frame-pointer -mno-omit-leaf-frame-pointer -Wp,-D_GLIBCXX_ASSERTIONS -g -ffile-prefix-map=/home/pridxd/.cache/yay/google-breakpad/src=/usr/src/debug/google-breakpad -flto=auto -MT src/common/linux/tools_linux_dump_syms_dump_syms-file_id.o -MD -MP -MF src/common/linux/.deps/tools_linux_dump_syms_dump_syms-file_id.Tpo -c -o src/common/linux/tools_linux_dump_syms_dump_syms-file_id.o `test -f 'src/common/linux/file_id.cc' || echo './'`src/common/linux/file_id.cc
mv -f src/common/linux/.deps/tools_linux_dump_syms_dump_syms-file_id.Tpo src/common/linux/.deps/tools_linux_dump_syms_dump_syms-file_id.Po
g++ -DHAVE_CONFIG_H -I. -I./src  -I./src    -march=x86-64 -mtune=generic -O2 -pipe -fno-plt -fexceptions         -Wp,-D_FORTIFY_SOURCE=3 -Wformat -Werror=format-security         -fstack-clash-protection -fcf-protection         -fno-omit-frame-pointer -mno-omit-leaf-frame-pointer -Wp,-D_GLIBCXX_ASSERTIONS -g -ffile-prefix-map=/home/pridxd/.cache/yay/google-breakpad/src=/usr/src/debug/google-breakpad -flto=auto -MT src/common/linux/tools_linux_dump_syms_dump_syms-linux_libc_support.o -MD -MP -MF src/common/linux/.deps/tools_linux_dump_syms_dump_syms-linux_libc_support.Tpo -c -o src/common/linux/tools_linux_dump_syms_dump_syms-linux_libc_support.o `test -f 'src/common/linux/linux_libc_support.cc' || echo './'`src/common/linux/linux_libc_support.cc
mv -f src/common/linux/.deps/tools_linux_dump_syms_dump_syms-linux_libc_support.Tpo src/common/linux/.deps/tools_linux_dump_syms_dump_syms-linux_libc_support.Po
g++ -DHAVE_CONFIG_H -I. -I./src  -I./src    -march=x86-64 -mtune=generic -O2 -pipe -fno-plt -fexceptions         -Wp,-D_FORTIFY_SOURCE=3 -Wformat -Werror=format-security         -fstack-clash-protection -fcf-protection         -fno-omit-frame-pointer -mno-omit-leaf-frame-pointer -Wp,-D_GLIBCXX_ASSERTIONS -g -ffile-prefix-map=/home/pridxd/.cache/yay/google-breakpad/src=/usr/src/debug/google-breakpad -flto=auto -MT src/common/linux/tools_linux_dump_syms_dump_syms-memory_mapped_file.o -MD -MP -MF src/common/linux/.deps/tools_linux_dump_syms_dump_syms-memory_mapped_file.Tpo -c -o src/common/linux/tools_linux_dump_syms_dump_syms-memory_mapped_file.o `test -f 'src/common/linux/memory_mapped_file.cc' || echo './'`src/common/linux/memory_mapped_file.cc
mv -f src/common/linux/.deps/tools_linux_dump_syms_dump_syms-memory_mapped_file.Tpo src/common/linux/.deps/tools_linux_dump_syms_dump_syms-memory_mapped_file.Po
g++ -DHAVE_CONFIG_H -I. -I./src  -I./src    -march=x86-64 -mtune=generic -O2 -pipe -fno-plt -fexceptions         -Wp,-D_FORTIFY_SOURCE=3 -Wformat -Werror=format-security         -fstack-clash-protection -fcf-protection         -fno-omit-frame-pointer -mno-omit-leaf-frame-pointer -Wp,-D_GLIBCXX_ASSERTIONS -g -ffile-prefix-map=/home/pridxd/.cache/yay/google-breakpad/src=/usr/src/debug/google-breakpad -flto=auto -MT src/common/linux/tools_linux_dump_syms_dump_syms-safe_readlink.o -MD -MP -MF src/common/linux/.deps/tools_linux_dump_syms_dump_syms-safe_readlink.Tpo -c -o src/common/linux/tools_linux_dump_syms_dump_syms-safe_readlink.o `test -f 'src/common/linux/safe_readlink.cc' || echo './'`src/common/linux/safe_readlink.cc
mv -f src/common/linux/.deps/tools_linux_dump_syms_dump_syms-safe_readlink.Tpo src/common/linux/.deps/tools_linux_dump_syms_dump_syms-safe_readlink.Po
g++ -DHAVE_CONFIG_H -I. -I./src  -I./src    -march=x86-64 -mtune=generic -O2 -pipe -fno-plt -fexceptions         -Wp,-D_FORTIFY_SOURCE=3 -Wformat -Werror=format-security         -fstack-clash-protection -fcf-protection         -fno-omit-frame-pointer -mno-omit-leaf-frame-pointer -Wp,-D_GLIBCXX_ASSERTIONS -g -ffile-prefix-map=/home/pridxd/.cache/yay/google-breakpad/src=/usr/src/debug/google-breakpad -flto=auto -MT src/tools/linux/dump_syms/dump_syms-dump_syms.o -MD -MP -MF src/tools/linux/dump_syms/.deps/dump_syms-dump_syms.Tpo -c -o src/tools/linux/dump_syms/dump_syms-dump_syms.o `test -f 'src/tools/linux/dump_syms/dump_syms.cc' || echo './'`src/tools/linux/dump_syms/dump_syms.cc
mv -f src/tools/linux/dump_syms/.deps/dump_syms-dump_syms.Tpo src/tools/linux/dump_syms/.deps/dump_syms-dump_syms.Po
g++   -march=x86-64 -mtune=generic -O2 -pipe -fno-plt -fexceptions         -Wp,-D_FORTIFY_SOURCE=3 -Wformat -Werror=format-security         -fstack-clash-protection -fcf-protection         -fno-omit-frame-pointer -mno-omit-leaf-frame-pointer -Wp,-D_GLIBCXX_ASSERTIONS -g -ffile-prefix-map=/home/pridxd/.cache/yay/google-breakpad/src=/usr/src/debug/google-breakpad -flto=auto  -Wl,-O1 -Wl,--sort-common -Wl,--as-needed -Wl,-z,relro -Wl,-z,now          -Wl,-z,pack-relative-relocs -flto=auto -o src/tools/linux/dump_syms/dump_syms src/common/tools_linux_dump_syms_dump_syms-dwarf_cfi_to_module.o src/common/tools_linux_dump_syms_dump_syms-dwarf_cu_to_module.o src/common/tools_linux_dump_syms_dump_syms-dwarf_line_to_module.o src/common/tools_linux_dump_syms_dump_syms-dwarf_range_list_handler.o src/common/tools_linux_dump_syms_dump_syms-language.o src/common/tools_linux_dump_syms_dump_syms-module.o src/common/tools_linux_dump_syms_dump_syms-path_helper.o src/common/tools_linux_dump_syms_dump_syms-stabs_reader.o src/common/tools_linux_dump_syms_dump_syms-stabs_to_module.o src/common/dwarf/tools_linux_dump_syms_dump_syms-bytereader.o src/common/dwarf/tools_linux_dump_syms_dump_syms-dwarf2diehandler.o src/common/dwarf/tools_linux_dump_syms_dump_syms-dwarf2reader.o src/common/dwarf/tools_linux_dump_syms_dump_syms-elf_reader.o src/common/linux/tools_linux_dump_syms_dump_syms-crc32.o src/common/linux/tools_linux_dump_syms_dump_syms-dump_symbols.o src/common/linux/tools_linux_dump_syms_dump_syms-elf_symbols_to_module.o src/common/linux/tools_linux_dump_syms_dump_syms-elfutils.o src/common/linux/tools_linux_dump_syms_dump_syms-file_id.o src/common/linux/tools_linux_dump_syms_dump_syms-linux_libc_support.o src/common/linux/tools_linux_dump_syms_dump_syms-memory_mapped_file.o src/common/linux/tools_linux_dump_syms_dump_syms-safe_readlink.o src/tools/linux/dump_syms/dump_syms-dump_syms.o   -lz 
depbase=`echo src/tools/linux/md2core/minidump-2-core.o | sed 's|[^/]*$|.deps/&|;s|\.o$||'`;\
g++ -DHAVE_CONFIG_H -I. -I./src  -I./src   -Wmissing-braces -Wnon-virtual-dtor -Woverloaded-virtual -Wreorder -Wsign-compare -Wunused-local-typedefs -Wunused-variable -Wvla -Werror -fPIC -march=x86-64 -mtune=generic -O2 -pipe -fno-plt -fexceptions         -Wp,-D_FORTIFY_SOURCE=3 -Wformat -Werror=format-security         -fstack-clash-protection -fcf-protection         -fno-omit-frame-pointer -mno-omit-leaf-frame-pointer -Wp,-D_GLIBCXX_ASSERTIONS -g -ffile-prefix-map=/home/pridxd/.cache/yay/google-breakpad/src=/usr/src/debug/google-breakpad -flto=auto -MT src/tools/linux/md2core/minidump-2-core.o -MD -MP -MF $depbase.Tpo -c -o src/tools/linux/md2core/minidump-2-core.o src/tools/linux/md2core/minidump-2-core.cc &&\
mv -f $depbase.Tpo $depbase.Po
g++  -Wmissing-braces -Wnon-virtual-dtor -Woverloaded-virtual -Wreorder -Wsign-compare -Wunused-local-typedefs -Wunused-variable -Wvla -Werror -fPIC -march=x86-64 -mtune=generic -O2 -pipe -fno-plt -fexceptions         -Wp,-D_FORTIFY_SOURCE=3 -Wformat -Werror=format-security         -fstack-clash-protection -fcf-protection         -fno-omit-frame-pointer -mno-omit-leaf-frame-pointer -Wp,-D_GLIBCXX_ASSERTIONS -g -ffile-prefix-map=/home/pridxd/.cache/yay/google-breakpad/src=/usr/src/debug/google-breakpad -flto=auto  -Wl,-O1 -Wl,--sort-common -Wl,--as-needed -Wl,-z,relro -Wl,-z,now          -Wl,-z,pack-relative-relocs -flto=auto -o src/tools/linux/md2core/minidump-2-core src/common/linux/memory_mapped_file.o src/common/path_helper.o src/tools/linux/md2core/minidump-2-core.o  
depbase=`echo src/common/linux/http_upload.o | sed 's|[^/]*$|.deps/&|;s|\.o$||'`;\
g++ -DHAVE_CONFIG_H -I. -I./src  -I./src   -Wmissing-braces -Wnon-virtual-dtor -Woverloaded-virtual -Wreorder -Wsign-compare -Wunused-local-typedefs -Wunused-variable -Wvla -Werror -fPIC -march=x86-64 -mtune=generic -O2 -pipe -fno-plt -fexceptions         -Wp,-D_FORTIFY_SOURCE=3 -Wformat -Werror=format-security         -fstack-clash-protection -fcf-protection         -fno-omit-frame-pointer -mno-omit-leaf-frame-pointer -Wp,-D_GLIBCXX_ASSERTIONS -g -ffile-prefix-map=/home/pridxd/.cache/yay/google-breakpad/src=/usr/src/debug/google-breakpad -flto=auto -MT src/common/linux/http_upload.o -MD -MP -MF $depbase.Tpo -c -o src/common/linux/http_upload.o src/common/linux/http_upload.cc &&\
mv -f $depbase.Tpo $depbase.Po
depbase=`echo src/tools/linux/symupload/minidump_upload.o | sed 's|[^/]*$|.deps/&|;s|\.o$||'`;\
g++ -DHAVE_CONFIG_H -I. -I./src  -I./src   -Wmissing-braces -Wnon-virtual-dtor -Woverloaded-virtual -Wreorder -Wsign-compare -Wunused-local-typedefs -Wunused-variable -Wvla -Werror -fPIC -march=x86-64 -mtune=generic -O2 -pipe -fno-plt -fexceptions         -Wp,-D_FORTIFY_SOURCE=3 -Wformat -Werror=format-security         -fstack-clash-protection -fcf-protection         -fno-omit-frame-pointer -mno-omit-leaf-frame-pointer -Wp,-D_GLIBCXX_ASSERTIONS -g -ffile-prefix-map=/home/pridxd/.cache/yay/google-breakpad/src=/usr/src/debug/google-breakpad -flto=auto -MT src/tools/linux/symupload/minidump_upload.o -MD -MP -MF $depbase.Tpo -c -o src/tools/linux/symupload/minidump_upload.o src/tools/linux/symupload/minidump_upload.cc &&\
mv -f $depbase.Tpo $depbase.Po
g++  -Wmissing-braces -Wnon-virtual-dtor -Woverloaded-virtual -Wreorder -Wsign-compare -Wunused-local-typedefs -Wunused-variable -Wvla -Werror -fPIC -march=x86-64 -mtune=generic -O2 -pipe -fno-plt -fexceptions         -Wp,-D_FORTIFY_SOURCE=3 -Wformat -Werror=format-security         -fstack-clash-protection -fcf-protection         -fno-omit-frame-pointer -mno-omit-leaf-frame-pointer -Wp,-D_GLIBCXX_ASSERTIONS -g -ffile-prefix-map=/home/pridxd/.cache/yay/google-breakpad/src=/usr/src/debug/google-breakpad -flto=auto  -Wl,-O1 -Wl,--sort-common -Wl,--as-needed -Wl,-z,relro -Wl,-z,now          -Wl,-z,pack-relative-relocs -flto=auto -o src/tools/linux/symupload/minidump_upload src/common/linux/http_upload.o src/common/path_helper.o src/tools/linux/symupload/minidump_upload.o -ldl 
depbase=`echo src/common/linux/libcurl_wrapper.o | sed 's|[^/]*$|.deps/&|;s|\.o$||'`;\
g++ -DHAVE_CONFIG_H -I. -I./src  -I./src   -Wmissing-braces -Wnon-virtual-dtor -Woverloaded-virtual -Wreorder -Wsign-compare -Wunused-local-typedefs -Wunused-variable -Wvla -Werror -fPIC -march=x86-64 -mtune=generic -O2 -pipe -fno-plt -fexceptions         -Wp,-D_FORTIFY_SOURCE=3 -Wformat -Werror=format-security         -fstack-clash-protection -fcf-protection         -fno-omit-frame-pointer -mno-omit-leaf-frame-pointer -Wp,-D_GLIBCXX_ASSERTIONS -g -ffile-prefix-map=/home/pridxd/.cache/yay/google-breakpad/src=/usr/src/debug/google-breakpad -flto=auto -MT src/common/linux/libcurl_wrapper.o -MD -MP -MF $depbase.Tpo -c -o src/common/linux/libcurl_wrapper.o src/common/linux/libcurl_wrapper.cc &&\
mv -f $depbase.Tpo $depbase.Po
depbase=`echo src/common/linux/symbol_collector_client.o | sed 's|[^/]*$|.deps/&|;s|\.o$||'`;\
g++ -DHAVE_CONFIG_H -I. -I./src  -I./src   -Wmissing-braces -Wnon-virtual-dtor -Woverloaded-virtual -Wreorder -Wsign-compare -Wunused-local-typedefs -Wunused-variable -Wvla -Werror -fPIC -march=x86-64 -mtune=generic -O2 -pipe -fno-plt -fexceptions         -Wp,-D_FORTIFY_SOURCE=3 -Wformat -Werror=format-security         -fstack-clash-protection -fcf-protection         -fno-omit-frame-pointer -mno-omit-leaf-frame-pointer -Wp,-D_GLIBCXX_ASSERTIONS -g -ffile-prefix-map=/home/pridxd/.cache/yay/google-breakpad/src=/usr/src/debug/google-breakpad -flto=auto -MT src/common/linux/symbol_collector_client.o -MD -MP -MF $depbase.Tpo -c -o src/common/linux/symbol_collector_client.o src/common/linux/symbol_collector_client.cc &&\
mv -f $depbase.Tpo $depbase.Po
depbase=`echo src/common/linux/symbol_upload.o | sed 's|[^/]*$|.deps/&|;s|\.o$||'`;\
g++ -DHAVE_CONFIG_H -I. -I./src  -I./src   -Wmissing-braces -Wnon-virtual-dtor -Woverloaded-virtual -Wreorder -Wsign-compare -Wunused-local-typedefs -Wunused-variable -Wvla -Werror -fPIC -march=x86-64 -mtune=generic -O2 -pipe -fno-plt -fexceptions         -Wp,-D_FORTIFY_SOURCE=3 -Wformat -Werror=format-security         -fstack-clash-protection -fcf-protection         -fno-omit-frame-pointer -mno-omit-leaf-frame-pointer -Wp,-D_GLIBCXX_ASSERTIONS -g -ffile-prefix-map=/home/pridxd/.cache/yay/google-breakpad/src=/usr/src/debug/google-breakpad -flto=auto -MT src/common/linux/symbol_upload.o -MD -MP -MF $depbase.Tpo -c -o src/common/linux/symbol_upload.o src/common/linux/symbol_upload.cc &&\
mv -f $depbase.Tpo $depbase.Po
depbase=`echo src/tools/linux/symupload/sym_upload.o | sed 's|[^/]*$|.deps/&|;s|\.o$||'`;\
g++ -DHAVE_CONFIG_H -I. -I./src  -I./src   -Wmissing-braces -Wnon-virtual-dtor -Woverloaded-virtual -Wreorder -Wsign-compare -Wunused-local-typedefs -Wunused-variable -Wvla -Werror -fPIC -march=x86-64 -mtune=generic -O2 -pipe -fno-plt -fexceptions         -Wp,-D_FORTIFY_SOURCE=3 -Wformat -Werror=format-security         -fstack-clash-protection -fcf-protection         -fno-omit-frame-pointer -mno-omit-leaf-frame-pointer -Wp,-D_GLIBCXX_ASSERTIONS -g -ffile-prefix-map=/home/pridxd/.cache/yay/google-breakpad/src=/usr/src/debug/google-breakpad -flto=auto -MT src/tools/linux/symupload/sym_upload.o -MD -MP -MF $depbase.Tpo -c -o src/tools/linux/symupload/sym_upload.o src/tools/linux/symupload/sym_upload.cc &&\
mv -f $depbase.Tpo $depbase.Po
g++  -Wmissing-braces -Wnon-virtual-dtor -Woverloaded-virtual -Wreorder -Wsign-compare -Wunused-local-typedefs -Wunused-variable -Wvla -Werror -fPIC -march=x86-64 -mtune=generic -O2 -pipe -fno-plt -fexceptions         -Wp,-D_FORTIFY_SOURCE=3 -Wformat -Werror=format-security         -fstack-clash-protection -fcf-protection         -fno-omit-frame-pointer -mno-omit-leaf-frame-pointer -Wp,-D_GLIBCXX_ASSERTIONS -g -ffile-prefix-map=/home/pridxd/.cache/yay/google-breakpad/src=/usr/src/debug/google-breakpad -flto=auto  -Wl,-O1 -Wl,--sort-common -Wl,--as-needed -Wl,-z,relro -Wl,-z,now          -Wl,-z,pack-relative-relocs -flto=auto -o src/tools/linux/symupload/sym_upload src/common/linux/http_upload.o src/common/linux/libcurl_wrapper.o src/common/linux/symbol_collector_client.o src/common/linux/symbol_upload.o src/common/path_helper.o src/tools/linux/symupload/sym_upload.o -ldl 
g++ -DHAVE_CONFIG_H -I. -I./src  -I./src  -I./src/third_party/mac_headers  -DHAVE_MACH_O_NLIST_H -march=x86-64 -mtune=generic -O2 -pipe -fno-plt -fexceptions         -Wp,-D_FORTIFY_SOURCE=3 -Wformat -Werror=format-security         -fstack-clash-protection -fcf-protection         -fno-omit-frame-pointer -mno-omit-leaf-frame-pointer -Wp,-D_GLIBCXX_ASSERTIONS -g -ffile-prefix-map=/home/pridxd/.cache/yay/google-breakpad/src=/usr/src/debug/google-breakpad -flto=auto -MT src/common/tools_mac_dump_syms_dump_syms_mac-dwarf_cfi_to_module.o -MD -MP -MF src/common/.deps/tools_mac_dump_syms_dump_syms_mac-dwarf_cfi_to_module.Tpo -c -o src/common/tools_mac_dump_syms_dump_syms_mac-dwarf_cfi_to_module.o `test -f 'src/common/dwarf_cfi_to_module.cc' || echo './'`src/common/dwarf_cfi_to_module.cc
mv -f src/common/.deps/tools_mac_dump_syms_dump_syms_mac-dwarf_cfi_to_module.Tpo src/common/.deps/tools_mac_dump_syms_dump_syms_mac-dwarf_cfi_to_module.Po
g++ -DHAVE_CONFIG_H -I. -I./src  -I./src  -I./src/third_party/mac_headers  -DHAVE_MACH_O_NLIST_H -march=x86-64 -mtune=generic -O2 -pipe -fno-plt -fexceptions         -Wp,-D_FORTIFY_SOURCE=3 -Wformat -Werror=format-security         -fstack-clash-protection -fcf-protection         -fno-omit-frame-pointer -mno-omit-leaf-frame-pointer -Wp,-D_GLIBCXX_ASSERTIONS -g -ffile-prefix-map=/home/pridxd/.cache/yay/google-breakpad/src=/usr/src/debug/google-breakpad -flto=auto -MT src/common/tools_mac_dump_syms_dump_syms_mac-dwarf_cu_to_module.o -MD -MP -MF src/common/.deps/tools_mac_dump_syms_dump_syms_mac-dwarf_cu_to_module.Tpo -c -o src/common/tools_mac_dump_syms_dump_syms_mac-dwarf_cu_to_module.o `test -f 'src/common/dwarf_cu_to_module.cc' || echo './'`src/common/dwarf_cu_to_module.cc
mv -f src/common/.deps/tools_mac_dump_syms_dump_syms_mac-dwarf_cu_to_module.Tpo src/common/.deps/tools_mac_dump_syms_dump_syms_mac-dwarf_cu_to_module.Po
g++ -DHAVE_CONFIG_H -I. -I./src  -I./src  -I./src/third_party/mac_headers  -DHAVE_MACH_O_NLIST_H -march=x86-64 -mtune=generic -O2 -pipe -fno-plt -fexceptions         -Wp,-D_FORTIFY_SOURCE=3 -Wformat -Werror=format-security         -fstack-clash-protection -fcf-protection         -fno-omit-frame-pointer -mno-omit-leaf-frame-pointer -Wp,-D_GLIBCXX_ASSERTIONS -g -ffile-prefix-map=/home/pridxd/.cache/yay/google-breakpad/src=/usr/src/debug/google-breakpad -flto=auto -MT src/common/tools_mac_dump_syms_dump_syms_mac-dwarf_line_to_module.o -MD -MP -MF src/common/.deps/tools_mac_dump_syms_dump_syms_mac-dwarf_line_to_module.Tpo -c -o src/common/tools_mac_dump_syms_dump_syms_mac-dwarf_line_to_module.o `test -f 'src/common/dwarf_line_to_module.cc' || echo './'`src/common/dwarf_line_to_module.cc
mv -f src/common/.deps/tools_mac_dump_syms_dump_syms_mac-dwarf_line_to_module.Tpo src/common/.deps/tools_mac_dump_syms_dump_syms_mac-dwarf_line_to_module.Po
g++ -DHAVE_CONFIG_H -I. -I./src  -I./src  -I./src/third_party/mac_headers  -DHAVE_MACH_O_NLIST_H -march=x86-64 -mtune=generic -O2 -pipe -fno-plt -fexceptions         -Wp,-D_FORTIFY_SOURCE=3 -Wformat -Werror=format-security         -fstack-clash-protection -fcf-protection         -fno-omit-frame-pointer -mno-omit-leaf-frame-pointer -Wp,-D_GLIBCXX_ASSERTIONS -g -ffile-prefix-map=/home/pridxd/.cache/yay/google-breakpad/src=/usr/src/debug/google-breakpad -flto=auto -MT src/common/tools_mac_dump_syms_dump_syms_mac-dwarf_range_list_handler.o -MD -MP -MF src/common/.deps/tools_mac_dump_syms_dump_syms_mac-dwarf_range_list_handler.Tpo -c -o src/common/tools_mac_dump_syms_dump_syms_mac-dwarf_range_list_handler.o `test -f 'src/common/dwarf_range_list_handler.cc' || echo './'`src/common/dwarf_range_list_handler.cc
mv -f src/common/.deps/tools_mac_dump_syms_dump_syms_mac-dwarf_range_list_handler.Tpo src/common/.deps/tools_mac_dump_syms_dump_syms_mac-dwarf_range_list_handler.Po
g++ -DHAVE_CONFIG_H -I. -I./src  -I./src  -I./src/third_party/mac_headers  -DHAVE_MACH_O_NLIST_H -march=x86-64 -mtune=generic -O2 -pipe -fno-plt -fexceptions         -Wp,-D_FORTIFY_SOURCE=3 -Wformat -Werror=format-security         -fstack-clash-protection -fcf-protection         -fno-omit-frame-pointer -mno-omit-leaf-frame-pointer -Wp,-D_GLIBCXX_ASSERTIONS -g -ffile-prefix-map=/home/pridxd/.cache/yay/google-breakpad/src=/usr/src/debug/google-breakpad -flto=auto -MT src/common/tools_mac_dump_syms_dump_syms_mac-language.o -MD -MP -MF src/common/.deps/tools_mac_dump_syms_dump_syms_mac-language.Tpo -c -o src/common/tools_mac_dump_syms_dump_syms_mac-language.o `test -f 'src/common/language.cc' || echo './'`src/common/language.cc
mv -f src/common/.deps/tools_mac_dump_syms_dump_syms_mac-language.Tpo src/common/.deps/tools_mac_dump_syms_dump_syms_mac-language.Po
g++ -DHAVE_CONFIG_H -I. -I./src  -I./src  -I./src/third_party/mac_headers  -DHAVE_MACH_O_NLIST_H -march=x86-64 -mtune=generic -O2 -pipe -fno-plt -fexceptions         -Wp,-D_FORTIFY_SOURCE=3 -Wformat -Werror=format-security         -fstack-clash-protection -fcf-protection         -fno-omit-frame-pointer -mno-omit-leaf-frame-pointer -Wp,-D_GLIBCXX_ASSERTIONS -g -ffile-prefix-map=/home/pridxd/.cache/yay/google-breakpad/src=/usr/src/debug/google-breakpad -flto=auto -MT src/common/tools_mac_dump_syms_dump_syms_mac-md5.o -MD -MP -MF src/common/.deps/tools_mac_dump_syms_dump_syms_mac-md5.Tpo -c -o src/common/tools_mac_dump_syms_dump_syms_mac-md5.o `test -f 'src/common/md5.cc' || echo './'`src/common/md5.cc
mv -f src/common/.deps/tools_mac_dump_syms_dump_syms_mac-md5.Tpo src/common/.deps/tools_mac_dump_syms_dump_syms_mac-md5.Po
g++ -DHAVE_CONFIG_H -I. -I./src  -I./src  -I./src/third_party/mac_headers  -DHAVE_MACH_O_NLIST_H -march=x86-64 -mtune=generic -O2 -pipe -fno-plt -fexceptions         -Wp,-D_FORTIFY_SOURCE=3 -Wformat -Werror=format-security         -fstack-clash-protection -fcf-protection         -fno-omit-frame-pointer -mno-omit-leaf-frame-pointer -Wp,-D_GLIBCXX_ASSERTIONS -g -ffile-prefix-map=/home/pridxd/.cache/yay/google-breakpad/src=/usr/src/debug/google-breakpad -flto=auto -MT src/common/tools_mac_dump_syms_dump_syms_mac-module.o -MD -MP -MF src/common/.deps/tools_mac_dump_syms_dump_syms_mac-module.Tpo -c -o src/common/tools_mac_dump_syms_dump_syms_mac-module.o `test -f 'src/common/module.cc' || echo './'`src/common/module.cc
mv -f src/common/.deps/tools_mac_dump_syms_dump_syms_mac-module.Tpo src/common/.deps/tools_mac_dump_syms_dump_syms_mac-module.Po
g++ -DHAVE_CONFIG_H -I. -I./src  -I./src  -I./src/third_party/mac_headers  -DHAVE_MACH_O_NLIST_H -march=x86-64 -mtune=generic -O2 -pipe -fno-plt -fexceptions         -Wp,-D_FORTIFY_SOURCE=3 -Wformat -Werror=format-security         -fstack-clash-protection -fcf-protection         -fno-omit-frame-pointer -mno-omit-leaf-frame-pointer -Wp,-D_GLIBCXX_ASSERTIONS -g -ffile-prefix-map=/home/pridxd/.cache/yay/google-breakpad/src=/usr/src/debug/google-breakpad -flto=auto -MT src/common/tools_mac_dump_syms_dump_syms_mac-path_helper.o -MD -MP -MF src/common/.deps/tools_mac_dump_syms_dump_syms_mac-path_helper.Tpo -c -o src/common/tools_mac_dump_syms_dump_syms_mac-path_helper.o `test -f 'src/common/path_helper.cc' || echo './'`src/common/path_helper.cc
mv -f src/common/.deps/tools_mac_dump_syms_dump_syms_mac-path_helper.Tpo src/common/.deps/tools_mac_dump_syms_dump_syms_mac-path_helper.Po
g++ -DHAVE_CONFIG_H -I. -I./src  -I./src  -I./src/third_party/mac_headers  -DHAVE_MACH_O_NLIST_H -march=x86-64 -mtune=generic -O2 -pipe -fno-plt -fexceptions         -Wp,-D_FORTIFY_SOURCE=3 -Wformat -Werror=format-security         -fstack-clash-protection -fcf-protection         -fno-omit-frame-pointer -mno-omit-leaf-frame-pointer -Wp,-D_GLIBCXX_ASSERTIONS -g -ffile-prefix-map=/home/pridxd/.cache/yay/google-breakpad/src=/usr/src/debug/google-breakpad -flto=auto -MT src/common/tools_mac_dump_syms_dump_syms_mac-stabs_reader.o -MD -MP -MF src/common/.deps/tools_mac_dump_syms_dump_syms_mac-stabs_reader.Tpo -c -o src/common/tools_mac_dump_syms_dump_syms_mac-stabs_reader.o `test -f 'src/common/stabs_reader.cc' || echo './'`src/common/stabs_reader.cc
mv -f src/common/.deps/tools_mac_dump_syms_dump_syms_mac-stabs_reader.Tpo src/common/.deps/tools_mac_dump_syms_dump_syms_mac-stabs_reader.Po
g++ -DHAVE_CONFIG_H -I. -I./src  -I./src  -I./src/third_party/mac_headers  -DHAVE_MACH_O_NLIST_H -march=x86-64 -mtune=generic -O2 -pipe -fno-plt -fexceptions         -Wp,-D_FORTIFY_SOURCE=3 -Wformat -Werror=format-security         -fstack-clash-protection -fcf-protection         -fno-omit-frame-pointer -mno-omit-leaf-frame-pointer -Wp,-D_GLIBCXX_ASSERTIONS -g -ffile-prefix-map=/home/pridxd/.cache/yay/google-breakpad/src=/usr/src/debug/google-breakpad -flto=auto -MT src/common/tools_mac_dump_syms_dump_syms_mac-stabs_to_module.o -MD -MP -MF src/common/.deps/tools_mac_dump_syms_dump_syms_mac-stabs_to_module.Tpo -c -o src/common/tools_mac_dump_syms_dump_syms_mac-stabs_to_module.o `test -f 'src/common/stabs_to_module.cc' || echo './'`src/common/stabs_to_module.cc
mv -f src/common/.deps/tools_mac_dump_syms_dump_syms_mac-stabs_to_module.Tpo src/common/.deps/tools_mac_dump_syms_dump_syms_mac-stabs_to_module.Po
g++ -DHAVE_CONFIG_H -I. -I./src  -I./src  -I./src/third_party/mac_headers  -DHAVE_MACH_O_NLIST_H -march=x86-64 -mtune=generic -O2 -pipe -fno-plt -fexceptions         -Wp,-D_FORTIFY_SOURCE=3 -Wformat -Werror=format-security         -fstack-clash-protection -fcf-protection         -fno-omit-frame-pointer -mno-omit-leaf-frame-pointer -Wp,-D_GLIBCXX_ASSERTIONS -g -ffile-prefix-map=/home/pridxd/.cache/yay/google-breakpad/src=/usr/src/debug/google-breakpad -flto=auto -MT src/common/dwarf/tools_mac_dump_syms_dump_syms_mac-bytereader.o -MD -MP -MF src/common/dwarf/.deps/tools_mac_dump_syms_dump_syms_mac-bytereader.Tpo -c -o src/common/dwarf/tools_mac_dump_syms_dump_syms_mac-bytereader.o `test -f 'src/common/dwarf/bytereader.cc' || echo './'`src/common/dwarf/bytereader.cc
mv -f src/common/dwarf/.deps/tools_mac_dump_syms_dump_syms_mac-bytereader.Tpo src/common/dwarf/.deps/tools_mac_dump_syms_dump_syms_mac-bytereader.Po
g++ -DHAVE_CONFIG_H -I. -I./src  -I./src  -I./src/third_party/mac_headers  -DHAVE_MACH_O_NLIST_H -march=x86-64 -mtune=generic -O2 -pipe -fno-plt -fexceptions         -Wp,-D_FORTIFY_SOURCE=3 -Wformat -Werror=format-security         -fstack-clash-protection -fcf-protection         -fno-omit-frame-pointer -mno-omit-leaf-frame-pointer -Wp,-D_GLIBCXX_ASSERTIONS -g -ffile-prefix-map=/home/pridxd/.cache/yay/google-breakpad/src=/usr/src/debug/google-breakpad -flto=auto -MT src/common/dwarf/tools_mac_dump_syms_dump_syms_mac-dwarf2diehandler.o -MD -MP -MF src/common/dwarf/.deps/tools_mac_dump_syms_dump_syms_mac-dwarf2diehandler.Tpo -c -o src/common/dwarf/tools_mac_dump_syms_dump_syms_mac-dwarf2diehandler.o `test -f 'src/common/dwarf/dwarf2diehandler.cc' || echo './'`src/common/dwarf/dwarf2diehandler.cc
mv -f src/common/dwarf/.deps/tools_mac_dump_syms_dump_syms_mac-dwarf2diehandler.Tpo src/common/dwarf/.deps/tools_mac_dump_syms_dump_syms_mac-dwarf2diehandler.Po
g++ -DHAVE_CONFIG_H -I. -I./src  -I./src  -I./src/third_party/mac_headers  -DHAVE_MACH_O_NLIST_H -march=x86-64 -mtune=generic -O2 -pipe -fno-plt -fexceptions         -Wp,-D_FORTIFY_SOURCE=3 -Wformat -Werror=format-security         -fstack-clash-protection -fcf-protection         -fno-omit-frame-pointer -mno-omit-leaf-frame-pointer -Wp,-D_GLIBCXX_ASSERTIONS -g -ffile-prefix-map=/home/pridxd/.cache/yay/google-breakpad/src=/usr/src/debug/google-breakpad -flto=auto -MT src/common/dwarf/tools_mac_dump_syms_dump_syms_mac-dwarf2reader.o -MD -MP -MF src/common/dwarf/.deps/tools_mac_dump_syms_dump_syms_mac-dwarf2reader.Tpo -c -o src/common/dwarf/tools_mac_dump_syms_dump_syms_mac-dwarf2reader.o `test -f 'src/common/dwarf/dwarf2reader.cc' || echo './'`src/common/dwarf/dwarf2reader.cc
mv -f src/common/dwarf/.deps/tools_mac_dump_syms_dump_syms_mac-dwarf2reader.Tpo src/common/dwarf/.deps/tools_mac_dump_syms_dump_syms_mac-dwarf2reader.Po
g++ -DHAVE_CONFIG_H -I. -I./src  -I./src  -I./src/third_party/mac_headers  -DHAVE_MACH_O_NLIST_H -march=x86-64 -mtune=generic -O2 -pipe -fno-plt -fexceptions         -Wp,-D_FORTIFY_SOURCE=3 -Wformat -Werror=format-security         -fstack-clash-protection -fcf-protection         -fno-omit-frame-pointer -mno-omit-leaf-frame-pointer -Wp,-D_GLIBCXX_ASSERTIONS -g -ffile-prefix-map=/home/pridxd/.cache/yay/google-breakpad/src=/usr/src/debug/google-breakpad -flto=auto -MT src/common/dwarf/tools_mac_dump_syms_dump_syms_mac-elf_reader.o -MD -MP -MF src/common/dwarf/.deps/tools_mac_dump_syms_dump_syms_mac-elf_reader.Tpo -c -o src/common/dwarf/tools_mac_dump_syms_dump_syms_mac-elf_reader.o `test -f 'src/common/dwarf/elf_reader.cc' || echo './'`src/common/dwarf/elf_reader.cc
mv -f src/common/dwarf/.deps/tools_mac_dump_syms_dump_syms_mac-elf_reader.Tpo src/common/dwarf/.deps/tools_mac_dump_syms_dump_syms_mac-elf_reader.Po
g++ -DHAVE_CONFIG_H -I. -I./src  -I./src  -I./src/third_party/mac_headers  -DHAVE_MACH_O_NLIST_H -march=x86-64 -mtune=generic -O2 -pipe -fno-plt -fexceptions         -Wp,-D_FORTIFY_SOURCE=3 -Wformat -Werror=format-security         -fstack-clash-protection -fcf-protection         -fno-omit-frame-pointer -mno-omit-leaf-frame-pointer -Wp,-D_GLIBCXX_ASSERTIONS -g -ffile-prefix-map=/home/pridxd/.cache/yay/google-breakpad/src=/usr/src/debug/google-breakpad -flto=auto -MT src/common/mac/tools_mac_dump_syms_dump_syms_mac-arch_utilities.o -MD -MP -MF src/common/mac/.deps/tools_mac_dump_syms_dump_syms_mac-arch_utilities.Tpo -c -o src/common/mac/tools_mac_dump_syms_dump_syms_mac-arch_utilities.o `test -f 'src/common/mac/arch_utilities.cc' || echo './'`src/common/mac/arch_utilities.cc
mv -f src/common/mac/.deps/tools_mac_dump_syms_dump_syms_mac-arch_utilities.Tpo src/common/mac/.deps/tools_mac_dump_syms_dump_syms_mac-arch_utilities.Po
g++ -DHAVE_CONFIG_H -I. -I./src  -I./src  -I./src/third_party/mac_headers  -DHAVE_MACH_O_NLIST_H -march=x86-64 -mtune=generic -O2 -pipe -fno-plt -fexceptions         -Wp,-D_FORTIFY_SOURCE=3 -Wformat -Werror=format-security         -fstack-clash-protection -fcf-protection         -fno-omit-frame-pointer -mno-omit-leaf-frame-pointer -Wp,-D_GLIBCXX_ASSERTIONS -g -ffile-prefix-map=/home/pridxd/.cache/yay/google-breakpad/src=/usr/src/debug/google-breakpad -flto=auto -MT src/common/mac/tools_mac_dump_syms_dump_syms_mac-dump_syms.o -MD -MP -MF src/common/mac/.deps/tools_mac_dump_syms_dump_syms_mac-dump_syms.Tpo -c -o src/common/mac/tools_mac_dump_syms_dump_syms_mac-dump_syms.o `test -f 'src/common/mac/dump_syms.cc' || echo './'`src/common/mac/dump_syms.cc
mv -f src/common/mac/.deps/tools_mac_dump_syms_dump_syms_mac-dump_syms.Tpo src/common/mac/.deps/tools_mac_dump_syms_dump_syms_mac-dump_syms.Po
g++ -DHAVE_CONFIG_H -I. -I./src  -I./src  -I./src/third_party/mac_headers  -DHAVE_MACH_O_NLIST_H -march=x86-64 -mtune=generic -O2 -pipe -fno-plt -fexceptions         -Wp,-D_FORTIFY_SOURCE=3 -Wformat -Werror=format-security         -fstack-clash-protection -fcf-protection         -fno-omit-frame-pointer -mno-omit-leaf-frame-pointer -Wp,-D_GLIBCXX_ASSERTIONS -g -ffile-prefix-map=/home/pridxd/.cache/yay/google-breakpad/src=/usr/src/debug/google-breakpad -flto=auto -MT src/common/mac/tools_mac_dump_syms_dump_syms_mac-file_id.o -MD -MP -MF src/common/mac/.deps/tools_mac_dump_syms_dump_syms_mac-file_id.Tpo -c -o src/common/mac/tools_mac_dump_syms_dump_syms_mac-file_id.o `test -f 'src/common/mac/file_id.cc' || echo './'`src/common/mac/file_id.cc
mv -f src/common/mac/.deps/tools_mac_dump_syms_dump_syms_mac-file_id.Tpo src/common/mac/.deps/tools_mac_dump_syms_dump_syms_mac-file_id.Po
g++ -DHAVE_CONFIG_H -I. -I./src  -I./src  -I./src/third_party/mac_headers  -DHAVE_MACH_O_NLIST_H -march=x86-64 -mtune=generic -O2 -pipe -fno-plt -fexceptions         -Wp,-D_FORTIFY_SOURCE=3 -Wformat -Werror=format-security         -fstack-clash-protection -fcf-protection         -fno-omit-frame-pointer -mno-omit-leaf-frame-pointer -Wp,-D_GLIBCXX_ASSERTIONS -g -ffile-prefix-map=/home/pridxd/.cache/yay/google-breakpad/src=/usr/src/debug/google-breakpad -flto=auto -MT src/common/mac/tools_mac_dump_syms_dump_syms_mac-macho_id.o -MD -MP -MF src/common/mac/.deps/tools_mac_dump_syms_dump_syms_mac-macho_id.Tpo -c -o src/common/mac/tools_mac_dump_syms_dump_syms_mac-macho_id.o `test -f 'src/common/mac/macho_id.cc' || echo './'`src/common/mac/macho_id.cc
mv -f src/common/mac/.deps/tools_mac_dump_syms_dump_syms_mac-macho_id.Tpo src/common/mac/.deps/tools_mac_dump_syms_dump_syms_mac-macho_id.Po
g++ -DHAVE_CONFIG_H -I. -I./src  -I./src  -I./src/third_party/mac_headers  -DHAVE_MACH_O_NLIST_H -march=x86-64 -mtune=generic -O2 -pipe -fno-plt -fexceptions         -Wp,-D_FORTIFY_SOURCE=3 -Wformat -Werror=format-security         -fstack-clash-protection -fcf-protection         -fno-omit-frame-pointer -mno-omit-leaf-frame-pointer -Wp,-D_GLIBCXX_ASSERTIONS -g -ffile-prefix-map=/home/pridxd/.cache/yay/google-breakpad/src=/usr/src/debug/google-breakpad -flto=auto -MT src/common/mac/tools_mac_dump_syms_dump_syms_mac-macho_reader.o -MD -MP -MF src/common/mac/.deps/tools_mac_dump_syms_dump_syms_mac-macho_reader.Tpo -c -o src/common/mac/tools_mac_dump_syms_dump_syms_mac-macho_reader.o `test -f 'src/common/mac/macho_reader.cc' || echo './'`src/common/mac/macho_reader.cc
mv -f src/common/mac/.deps/tools_mac_dump_syms_dump_syms_mac-macho_reader.Tpo src/common/mac/.deps/tools_mac_dump_syms_dump_syms_mac-macho_reader.Po
g++ -DHAVE_CONFIG_H -I. -I./src  -I./src  -I./src/third_party/mac_headers  -DHAVE_MACH_O_NLIST_H -march=x86-64 -mtune=generic -O2 -pipe -fno-plt -fexceptions         -Wp,-D_FORTIFY_SOURCE=3 -Wformat -Werror=format-security         -fstack-clash-protection -fcf-protection         -fno-omit-frame-pointer -mno-omit-leaf-frame-pointer -Wp,-D_GLIBCXX_ASSERTIONS -g -ffile-prefix-map=/home/pridxd/.cache/yay/google-breakpad/src=/usr/src/debug/google-breakpad -flto=auto -MT src/common/mac/tools_mac_dump_syms_dump_syms_mac-macho_utilities.o -MD -MP -MF src/common/mac/.deps/tools_mac_dump_syms_dump_syms_mac-macho_utilities.Tpo -c -o src/common/mac/tools_mac_dump_syms_dump_syms_mac-macho_utilities.o `test -f 'src/common/mac/macho_utilities.cc' || echo './'`src/common/mac/macho_utilities.cc
mv -f src/common/mac/.deps/tools_mac_dump_syms_dump_syms_mac-macho_utilities.Tpo src/common/mac/.deps/tools_mac_dump_syms_dump_syms_mac-macho_utilities.Po
g++ -DHAVE_CONFIG_H -I. -I./src  -I./src  -I./src/third_party/mac_headers  -DHAVE_MACH_O_NLIST_H -march=x86-64 -mtune=generic -O2 -pipe -fno-plt -fexceptions         -Wp,-D_FORTIFY_SOURCE=3 -Wformat -Werror=format-security         -fstack-clash-protection -fcf-protection         -fno-omit-frame-pointer -mno-omit-leaf-frame-pointer -Wp,-D_GLIBCXX_ASSERTIONS -g -ffile-prefix-map=/home/pridxd/.cache/yay/google-breakpad/src=/usr/src/debug/google-breakpad -flto=auto -MT src/common/mac/tools_mac_dump_syms_dump_syms_mac-macho_walker.o -MD -MP -MF src/common/mac/.deps/tools_mac_dump_syms_dump_syms_mac-macho_walker.Tpo -c -o src/common/mac/tools_mac_dump_syms_dump_syms_mac-macho_walker.o `test -f 'src/common/mac/macho_walker.cc' || echo './'`src/common/mac/macho_walker.cc
mv -f src/common/mac/.deps/tools_mac_dump_syms_dump_syms_mac-macho_walker.Tpo src/common/mac/.deps/tools_mac_dump_syms_dump_syms_mac-macho_walker.Po
g++ -DHAVE_CONFIG_H -I. -I./src  -I./src  -I./src/third_party/mac_headers  -DHAVE_MACH_O_NLIST_H -march=x86-64 -mtune=generic -O2 -pipe -fno-plt -fexceptions         -Wp,-D_FORTIFY_SOURCE=3 -Wformat -Werror=format-security         -fstack-clash-protection -fcf-protection         -fno-omit-frame-pointer -mno-omit-leaf-frame-pointer -Wp,-D_GLIBCXX_ASSERTIONS -g -ffile-prefix-map=/home/pridxd/.cache/yay/google-breakpad/src=/usr/src/debug/google-breakpad -flto=auto -MT src/tools/mac/dump_syms/dump_syms_mac-dump_syms_tool.o -MD -MP -MF src/tools/mac/dump_syms/.deps/dump_syms_mac-dump_syms_tool.Tpo -c -o src/tools/mac/dump_syms/dump_syms_mac-dump_syms_tool.o `test -f 'src/tools/mac/dump_syms/dump_syms_tool.cc' || echo './'`src/tools/mac/dump_syms/dump_syms_tool.cc
mv -f src/tools/mac/dump_syms/.deps/dump_syms_mac-dump_syms_tool.Tpo src/tools/mac/dump_syms/.deps/dump_syms_mac-dump_syms_tool.Po
g++ -I./src/third_party/mac_headers  -DHAVE_MACH_O_NLIST_H -march=x86-64 -mtune=generic -O2 -pipe -fno-plt -fexceptions         -Wp,-D_FORTIFY_SOURCE=3 -Wformat -Werror=format-security         -fstack-clash-protection -fcf-protection         -fno-omit-frame-pointer -mno-omit-leaf-frame-pointer -Wp,-D_GLIBCXX_ASSERTIONS -g -ffile-prefix-map=/home/pridxd/.cache/yay/google-breakpad/src=/usr/src/debug/google-breakpad -flto=auto  -Wl,-O1 -Wl,--sort-common -Wl,--as-needed -Wl,-z,relro -Wl,-z,now          -Wl,-z,pack-relative-relocs -flto=auto -o src/tools/mac/dump_syms/dump_syms_mac src/common/tools_mac_dump_syms_dump_syms_mac-dwarf_cfi_to_module.o src/common/tools_mac_dump_syms_dump_syms_mac-dwarf_cu_to_module.o src/common/tools_mac_dump_syms_dump_syms_mac-dwarf_line_to_module.o src/common/tools_mac_dump_syms_dump_syms_mac-dwarf_range_list_handler.o src/common/tools_mac_dump_syms_dump_syms_mac-language.o src/common/tools_mac_dump_syms_dump_syms_mac-md5.o src/common/tools_mac_dump_syms_dump_syms_mac-module.o src/common/tools_mac_dump_syms_dump_syms_mac-path_helper.o src/common/tools_mac_dump_syms_dump_syms_mac-stabs_reader.o src/common/tools_mac_dump_syms_dump_syms_mac-stabs_to_module.o src/common/dwarf/tools_mac_dump_syms_dump_syms_mac-bytereader.o src/common/dwarf/tools_mac_dump_syms_dump_syms_mac-dwarf2diehandler.o src/common/dwarf/tools_mac_dump_syms_dump_syms_mac-dwarf2reader.o src/common/dwarf/tools_mac_dump_syms_dump_syms_mac-elf_reader.o src/common/mac/tools_mac_dump_syms_dump_syms_mac-arch_utilities.o src/common/mac/tools_mac_dump_syms_dump_syms_mac-dump_syms.o src/common/mac/tools_mac_dump_syms_dump_syms_mac-file_id.o src/common/mac/tools_mac_dump_syms_dump_syms_mac-macho_id.o src/common/mac/tools_mac_dump_syms_dump_syms_mac-macho_reader.o src/common/mac/tools_mac_dump_syms_dump_syms_mac-macho_utilities.o src/common/mac/tools_mac_dump_syms_dump_syms_mac-macho_walker.o src/tools/mac/dump_syms/dump_syms_mac-dump_syms_tool.o  
depbase=`echo src/tools/linux/core_handler/core_handler.o | sed 's|[^/]*$|.deps/&|;s|\.o$||'`;\
g++ -DHAVE_CONFIG_H -I. -I./src  -I./src   -Wmissing-braces -Wnon-virtual-dtor -Woverloaded-virtual -Wreorder -Wsign-compare -Wunused-local-typedefs -Wunused-variable -Wvla -Werror -fPIC -march=x86-64 -mtune=generic -O2 -pipe -fno-plt -fexceptions         -Wp,-D_FORTIFY_SOURCE=3 -Wformat -Werror=format-security         -fstack-clash-protection -fcf-protection         -fno-omit-frame-pointer -mno-omit-leaf-frame-pointer -Wp,-D_GLIBCXX_ASSERTIONS -g -ffile-prefix-map=/home/pridxd/.cache/yay/google-breakpad/src=/usr/src/debug/google-breakpad -flto=auto -MT src/tools/linux/core_handler/core_handler.o -MD -MP -MF $depbase.Tpo -c -o src/tools/linux/core_handler/core_handler.o src/tools/linux/core_handler/core_handler.cc &&\
mv -f $depbase.Tpo $depbase.Po
g++  -Wmissing-braces -Wnon-virtual-dtor -Woverloaded-virtual -Wreorder -Wsign-compare -Wunused-local-typedefs -Wunused-variable -Wvla -Werror -fPIC -march=x86-64 -mtune=generic -O2 -pipe -fno-plt -fexceptions         -Wp,-D_FORTIFY_SOURCE=3 -Wformat -Werror=format-security         -fstack-clash-protection -fcf-protection         -fno-omit-frame-pointer -mno-omit-leaf-frame-pointer -Wp,-D_GLIBCXX_ASSERTIONS -g -ffile-prefix-map=/home/pridxd/.cache/yay/google-breakpad/src=/usr/src/debug/google-breakpad -flto=auto  -Wl,-O1 -Wl,--sort-common -Wl,--as-needed -Wl,-z,relro -Wl,-z,now          -Wl,-z,pack-relative-relocs -flto=auto -o src/tools/linux/core_handler/core_handler src/tools/linux/core_handler/core_handler.o src/client/linux/libbreakpad_client.a src/common/path_helper.o 
depbase=`echo src/processor/fast_source_line_resolver.o | sed 's|[^/]*$|.deps/&|;s|\.o$||'`;\
g++ -DHAVE_CONFIG_H -I. -I./src  -I./src   -Wmissing-braces -Wnon-virtual-dtor -Woverloaded-virtual -Wreorder -Wsign-compare -Wunused-local-typedefs -Wunused-variable -Wvla -Werror -fPIC -march=x86-64 -mtune=generic -O2 -pipe -fno-plt -fexceptions         -Wp,-D_FORTIFY_SOURCE=3 -Wformat -Werror=format-security         -fstack-clash-protection -fcf-protection         -fno-omit-frame-pointer -mno-omit-leaf-frame-pointer -Wp,-D_GLIBCXX_ASSERTIONS -g -ffile-prefix-map=/home/pridxd/.cache/yay/google-breakpad/src=/usr/src/debug/google-breakpad -flto=auto -MT src/processor/fast_source_line_resolver.o -MD -MP -MF $depbase.Tpo -c -o src/processor/fast_source_line_resolver.o src/processor/fast_source_line_resolver.cc &&\
mv -f $depbase.Tpo $depbase.Po
depbase=`echo src/processor/module_comparer.o | sed 's|[^/]*$|.deps/&|;s|\.o$||'`;\
g++ -DHAVE_CONFIG_H -I. -I./src  -I./src   -Wmissing-braces -Wnon-virtual-dtor -Woverloaded-virtual -Wreorder -Wsign-compare -Wunused-local-typedefs -Wunused-variable -Wvla -Werror -fPIC -march=x86-64 -mtune=generic -O2 -pipe -fno-plt -fexceptions         -Wp,-D_FORTIFY_SOURCE=3 -Wformat -Werror=format-security         -fstack-clash-protection -fcf-protection         -fno-omit-frame-pointer -mno-omit-leaf-frame-pointer -Wp,-D_GLIBCXX_ASSERTIONS -g -ffile-prefix-map=/home/pridxd/.cache/yay/google-breakpad/src=/usr/src/debug/google-breakpad -flto=auto -MT src/processor/module_comparer.o -MD -MP -MF $depbase.Tpo -c -o src/processor/module_comparer.o src/processor/module_comparer.cc &&\
mv -f $depbase.Tpo $depbase.Po
depbase=`echo src/processor/module_serializer.o | sed 's|[^/]*$|.deps/&|;s|\.o$||'`;\
g++ -DHAVE_CONFIG_H -I. -I./src  -I./src   -Wmissing-braces -Wnon-virtual-dtor -Woverloaded-virtual -Wreorder -Wsign-compare -Wunused-local-typedefs -Wunused-variable -Wvla -Werror -fPIC -march=x86-64 -mtune=generic -O2 -pipe -fno-plt -fexceptions         -Wp,-D_FORTIFY_SOURCE=3 -Wformat -Werror=format-security         -fstack-clash-protection -fcf-protection         -fno-omit-frame-pointer -mno-omit-leaf-frame-pointer -Wp,-D_GLIBCXX_ASSERTIONS -g -ffile-prefix-map=/home/pridxd/.cache/yay/google-breakpad/src=/usr/src/debug/google-breakpad -flto=auto -MT src/processor/module_serializer.o -MD -MP -MF $depbase.Tpo -c -o src/processor/module_serializer.o src/processor/module_serializer.cc &&\
mv -f $depbase.Tpo $depbase.Po
rm -f src/libbreakpad.a
ar cr src/libbreakpad.a src/processor/basic_code_modules.o src/processor/basic_source_line_resolver.o src/processor/call_stack.o src/processor/cfi_frame_info.o src/processor/convert_old_arm64_context.o src/processor/disassembler_x86.o src/processor/dump_context.o src/processor/dump_object.o src/processor/exploitability.o src/processor/exploitability_linux.o src/processor/exploitability_win.o src/processor/fast_source_line_resolver.o src/processor/logging.o src/processor/microdump.o src/processor/microdump_processor.o src/processor/minidump.o src/processor/minidump_processor.o src/processor/module_comparer.o src/processor/module_serializer.o src/processor/pathname_stripper.o src/processor/process_state.o src/processor/proc_maps_linux.o src/processor/simple_symbol_supplier.o src/processor/source_line_resolver_base.o src/processor/stack_frame_cpu.o src/processor/stack_frame_symbolizer.o src/processor/stackwalk_common.o src/processor/stackwalker.o src/processor/stackwalker_amd64.o src/processor/stackwalker_arm.o src/processor/stackwalker_arm64.o src/processor/stackwalker_address_list.o src/processor/stackwalker_mips.o src/processor/stackwalker_ppc.o src/processor/stackwalker_ppc64.o src/processor/stackwalker_riscv.o src/processor/stackwalker_riscv64.o src/processor/stackwalker_sparc.o src/processor/stackwalker_x86.o src/processor/symbolic_constants_win.o src/processor/tokenize.o src/common/linux/scoped_pipe.o src/common/linux/scoped_tmpfile.o src/processor/disassembler_objdump.o 
ranlib src/libbreakpad.a
==> Entering fakeroot environment...
==> Starting package()...
make[1]: Entering directory '/home/pridxd/.cache/yay/google-breakpad/src'
 /usr/bin/mkdir -p '/home/pridxd/.cache/yay/google-breakpad/pkg/google-breakpad/usr/bin'
  /usr/bin/install -c src/processor/microdump_stackwalk src/processor/minidump_dump src/processor/minidump_stackwalk src/tools/linux/core2md/core2md src/tools/linux/pid2md/pid2md src/tools/linux/dump_syms/dump_syms src/tools/linux/md2core/minidump-2-core src/tools/linux/symupload/minidump_upload src/tools/linux/symupload/sym_upload src/tools/mac/dump_syms/dump_syms_mac '/home/pridxd/.cache/yay/google-breakpad/pkg/google-breakpad/usr/bin'
 /usr/bin/mkdir -p '/home/pridxd/.cache/yay/google-breakpad/pkg/google-breakpad/usr/lib'
 /usr/bin/install -c -m 644  src/libbreakpad.a src/client/linux/libbreakpad_client.a '/home/pridxd/.cache/yay/google-breakpad/pkg/google-breakpad/usr/lib'
 ( cd '/home/pridxd/.cache/yay/google-breakpad/pkg/google-breakpad/usr/lib' && ranlib libbreakpad.a )
 ( cd '/home/pridxd/.cache/yay/google-breakpad/pkg/google-breakpad/usr/lib' && ranlib libbreakpad_client.a )
 /usr/bin/mkdir -p '/home/pridxd/.cache/yay/google-breakpad/pkg/google-breakpad/usr/lib/google-breakpad'
  /usr/bin/install -c src/tools/linux/core_handler/core_handler '/home/pridxd/.cache/yay/google-breakpad/pkg/google-breakpad/usr/lib/google-breakpad'
 /usr/bin/mkdir -p '/home/pridxd/.cache/yay/google-breakpad/pkg/google-breakpad/usr/share/doc/breakpad-0.1'
 /usr/bin/install -c -m 644 AUTHORS ChangeLog INSTALL LICENSE NEWS README.md '/home/pridxd/.cache/yay/google-breakpad/pkg/google-breakpad/usr/share/doc/breakpad-0.1'
 /usr/bin/mkdir -p '/home/pridxd/.cache/yay/google-breakpad/pkg/google-breakpad/usr/include/breakpad/common'
 /usr/bin/install -c -m 644 ./src/common/basictypes.h ./src/common/byte_cursor.h ./src/common/convert_UTF.h ./src/common/dwarf_cfi_to_module.h ./src/common/dwarf_cu_to_module.h ./src/common/dwarf_line_to_module.h ./src/common/dwarf_range_list_handler.h ./src/common/language.h ./src/common/long_string_dictionary.h ./src/common/macros.h ./src/common/md5.h ./src/common/memory_allocator.h ./src/common/memory_range.h ./src/common/minidump_type_helper.h ./src/common/module.h ./src/common/path_helper.h ./src/common/safe_math.h ./src/common/scoped_ptr.h ./src/common/simple_string_dictionary.h ./src/common/stabs_reader.h ./src/common/stabs_to_module.h ./src/common/stdio_wrapper.h ./src/common/string_conversion.h ./src/common/string_view.h ./src/common/symbol_data.h ./src/common/test_assembler.h ./src/common/unordered.h ./src/common/using_std_string.h '/home/pridxd/.cache/yay/google-breakpad/pkg/google-breakpad/usr/include/breakpad/common'
 /usr/bin/mkdir -p '/home/pridxd/.cache/yay/google-breakpad/pkg/google-breakpad/usr/include/breakpad/common/linux'
 /usr/bin/install -c -m 644 ./src/common/linux/breakpad_getcontext.h ./src/common/linux/crc32.h ./src/common/linux/dump_symbols.h ./src/common/linux/eintr_wrapper.h ./src/common/linux/elf_core_dump.h ./src/common/linux/elf_gnu_compat.h ./src/common/linux/elf_symbols_to_module.h ./src/common/linux/elfutils.h ./src/common/linux/elfutils-inl.h ./src/common/linux/file_id.h ./src/common/linux/google_crashdump_uploader.h ./src/common/linux/guid_creator.h ./src/common/linux/http_upload.h ./src/common/linux/ignore_ret.h ./src/common/linux/libcurl_wrapper.h ./src/common/linux/linux_libc_support.h ./src/common/linux/memory_mapped_file.h ./src/common/linux/safe_readlink.h ./src/common/linux/scoped_pipe.h ./src/common/linux/scoped_tmpfile.h ./src/common/linux/symbol_collector_client.h ./src/common/linux/symbol_upload.h ./src/common/linux/synth_elf.h ./src/common/linux/ucontext_constants.h '/home/pridxd/.cache/yay/google-breakpad/pkg/google-breakpad/usr/include/breakpad/common/linux'
 /usr/bin/mkdir -p '/home/pridxd/.cache/yay/google-breakpad/pkg/google-breakpad/usr/include/breakpad/client/linux/crash_generation'
 /usr/bin/install -c -m 644 ./src/client/linux/crash_generation/client_info.h ./src/client/linux/crash_generation/crash_generation_client.h ./src/client/linux/crash_generation/crash_generation_server.h '/home/pridxd/.cache/yay/google-breakpad/pkg/google-breakpad/usr/include/breakpad/client/linux/crash_generation'
 /usr/bin/mkdir -p '/home/pridxd/.cache/yay/google-breakpad/pkg/google-breakpad/usr/include/breakpad/client/linux/dump_writer_common'
 /usr/bin/install -c -m 644 ./src/client/linux/dump_writer_common/mapping_info.h ./src/client/linux/dump_writer_common/raw_context_cpu.h ./src/client/linux/dump_writer_common/thread_info.h ./src/client/linux/dump_writer_common/ucontext_reader.h '/home/pridxd/.cache/yay/google-breakpad/pkg/google-breakpad/usr/include/breakpad/client/linux/dump_writer_common'
 /usr/bin/mkdir -p '/home/pridxd/.cache/yay/google-breakpad/pkg/google-breakpad/usr/include/breakpad/client/linux/handler'
 /usr/bin/install -c -m 644 ./src/client/linux/handler/exception_handler.h ./src/client/linux/handler/microdump_extra_info.h ./src/client/linux/handler/minidump_descriptor.h '/home/pridxd/.cache/yay/google-breakpad/pkg/google-breakpad/usr/include/breakpad/client/linux/handler'
 /usr/bin/mkdir -p '/home/pridxd/.cache/yay/google-breakpad/pkg/google-breakpad/usr/include/breakpad/client/linux/minidump_writer'
 /usr/bin/install -c -m 644 ./src/client/linux/minidump_writer/cpu_set.h ./src/client/linux/minidump_writer/directory_reader.h ./src/client/linux/minidump_writer/line_reader.h ./src/client/linux/minidump_writer/linux_core_dumper.h ./src/client/linux/minidump_writer/linux_dumper.h ./src/client/linux/minidump_writer/linux_ptrace_dumper.h ./src/client/linux/minidump_writer/minidump_writer.h ./src/client/linux/minidump_writer/minidump_writer_unittest_utils.h ./src/client/linux/minidump_writer/pe_file.h ./src/client/linux/minidump_writer/pe_structs.h ./src/client/linux/minidump_writer/proc_cpuinfo_reader.h '/home/pridxd/.cache/yay/google-breakpad/pkg/google-breakpad/usr/include/breakpad/client/linux/minidump_writer'
 /usr/bin/mkdir -p '/home/pridxd/.cache/yay/google-breakpad/pkg/google-breakpad/usr/include/breakpad/google_breakpad/common'
 /usr/bin/install -c -m 644 ./src/google_breakpad/common/breakpad_types.h ./src/google_breakpad/common/minidump_cpu_amd64.h ./src/google_breakpad/common/minidump_cpu_arm64.h ./src/google_breakpad/common/minidump_cpu_arm.h ./src/google_breakpad/common/minidump_cpu_mips.h ./src/google_breakpad/common/minidump_cpu_ppc64.h ./src/google_breakpad/common/minidump_cpu_ppc.h ./src/google_breakpad/common/minidump_cpu_riscv.h ./src/google_breakpad/common/minidump_cpu_sparc.h ./src/google_breakpad/common/minidump_cpu_x86.h ./src/google_breakpad/common/minidump_exception_fuchsia.h ./src/google_breakpad/common/minidump_exception_linux.h ./src/google_breakpad/common/minidump_exception_mac.h ./src/google_breakpad/common/minidump_exception_ps3.h ./src/google_breakpad/common/minidump_exception_solaris.h ./src/google_breakpad/common/minidump_exception_win32.h ./src/google_breakpad/common/minidump_format.h ./src/google_breakpad/common/minidump_size.h '/home/pridxd/.cache/yay/google-breakpad/pkg/google-breakpad/usr/include/breakpad/google_breakpad/common'
 /usr/bin/mkdir -p '/home/pridxd/.cache/yay/google-breakpad/pkg/google-breakpad/usr/include/breakpad/third_party/lss'
 /usr/bin/install -c -m 644 ./src/third_party/lss/linux_syscall_support.h '/home/pridxd/.cache/yay/google-breakpad/pkg/google-breakpad/usr/include/breakpad/third_party/lss'
 /usr/bin/mkdir -p '/home/pridxd/.cache/yay/google-breakpad/pkg/google-breakpad/usr/include/breakpad/processor'
 /usr/bin/install -c -m 644 ./src/processor/address_map.h ./src/processor/address_map-inl.h ./src/processor/basic_code_module.h ./src/processor/basic_code_modules.h ./src/processor/basic_source_line_resolver_types.h ./src/processor/cfi_frame_info.h ./src/processor/cfi_frame_info-inl.h ./src/processor/contained_range_map.h ./src/processor/contained_range_map-inl.h ./src/processor/convert_old_arm64_context.h ./src/processor/disassembler_objdump.h ./src/processor/disassembler_x86.h ./src/processor/exploitability_linux.h ./src/processor/exploitability_win.h ./src/processor/fast_source_line_resolver_types.h ./src/processor/linked_ptr.h ./src/processor/logging.h ./src/processor/map_serializers.h ./src/processor/map_serializers-inl.h ./src/processor/module_comparer.h ./src/processor/module_factory.h ./src/processor/module_serializer.h ./src/processor/pathname_stripper.h ./src/processor/postfix_evaluator.h ./src/processor/postfix_evaluator-inl.h ./src/processor/range_map.h ./src/processor/range_map-inl.h ./src/processor/simple_serializer.h ./src/processor/simple_serializer-inl.h ./src/processor/simple_symbol_supplier.h ./src/processor/source_line_resolver_base_types.h ./src/processor/stackwalk_common.h ./src/processor/stackwalker_address_list.h ./src/processor/stackwalker_amd64.h ./src/processor/stackwalker_arm64.h ./src/processor/stackwalker_arm.h ./src/processor/stackwalker_mips.h ./src/processor/stackwalker_ppc64.h ./src/processor/stackwalker_ppc.h ./src/processor/stackwalker_riscv64.h '/home/pridxd/.cache/yay/google-breakpad/pkg/google-breakpad/usr/include/breakpad/processor'
 /usr/bin/install -c -m 644 ./src/processor/stackwalker_riscv.h ./src/processor/stackwalker_sparc.h ./src/processor/stackwalker_unittest_utils.h ./src/processor/stackwalker_x86.h ./src/processor/static_address_map.h ./src/processor/static_address_map-inl.h ./src/processor/static_contained_range_map.h ./src/processor/static_contained_range_map-inl.h ./src/processor/static_map.h ./src/processor/static_map-inl.h ./src/processor/static_map_iterator.h ./src/processor/static_map_iterator-inl.h ./src/processor/static_range_map.h ./src/processor/static_range_map-inl.h ./src/processor/symbolic_constants_win.h ./src/processor/synth_minidump.h ./src/processor/synth_minidump_unittest_data.h ./src/processor/tokenize.h ./src/processor/windows_frame_info.h '/home/pridxd/.cache/yay/google-breakpad/pkg/google-breakpad/usr/include/breakpad/processor'
 /usr/bin/mkdir -p '/home/pridxd/.cache/yay/google-breakpad/pkg/google-breakpad/usr/lib/pkgconfig'
 /usr/bin/install -c -m 644 breakpad.pc breakpad-client.pc '/home/pridxd/.cache/yay/google-breakpad/pkg/google-breakpad/usr/lib/pkgconfig'
make[1]: Leaving directory '/home/pridxd/.cache/yay/google-breakpad/src'
==> Tidying install...
  -> Removing libtool files...
  -> Purging unwanted files...
  -> Copying source files needed for debug symbols...
  -> Compressing man and info pages...
==> Checking for packaging issues...
==> WARNING: Package contains reference to $srcdir
usr/lib/libbreakpad.a
==> Creating package "google-breakpad"...
  -> Generating .PKGINFO file...
  -> Generating .BUILDINFO file...
  -> Generating .MTREE file...
  -> Compressing package...
==> Leaving fakeroot environment.
==> Finished making: google-breakpad v2024.02.16-1 (Sat 16 Aug 2025 07:41:49 AM MSK)
==> Cleaning up...
loading packages...
resolving dependencies...
looking for conflicting packages...

Package (1)      New Version    Net Change

google-breakpad  v2024.02.16-1   70.69 MiB

Total Installed Size:  70.69 MiB

:: Proceed with installation? [Y/n] 
checking keyring...
checking package integrity...
loading package files...
checking for file conflicts...
checking available disk space...
:: Processing package changes...
installing google-breakpad...
:: Running post-transaction hooks...
(1/1) Arming ConditionNeedsUpdate...
==> Making package: quickshell 0.2.0-1 (Sat 16 Aug 2025 07:41:51 AM MSK)
==> Checking runtime dependencies...
==> Checking buildtime dependencies...
==> Retrieving sources...
  -> Found quickshell-0.2.0.tar.gz
  -> Found quickshell-check.hook
==> Validating source files with sha256sums...
    quickshell-0.2.0.tar.gz ... Passed
    quickshell-check.hook ... Passed
==> Validating source files with b2sums...
    quickshell-0.2.0.tar.gz ... Passed
    quickshell-check.hook ... Passed
==> Removing existing $srcdir/ directory...
==> Extracting sources...
  -> Extracting quickshell-0.2.0.tar.gz with bsdtar
==> Sources are ready.
==> Making package: quickshell 0.2.0-1 (Sat 16 Aug 2025 07:41:55 AM MSK)
==> Checking runtime dependencies...
==> Checking buildtime dependencies...
==> WARNING: Using existing $srcdir/ tree
==> Starting build()...
-- The CXX compiler identification is GNU 15.2.1
-- The C compiler identification is GNU 15.2.1
-- Detecting CXX compiler ABI info
-- Detecting CXX compiler ABI info - done
-- Check for working CXX compiler: /usr/bin/c++ - skipped
-- Detecting CXX compile features
-- Detecting CXX compile features - done
-- Detecting C compiler ABI info
-- Detecting C compiler ABI info - done
-- Check for working C compiler: /usr/bin/cc - skipped
-- Detecting C compile features
-- Detecting C compile features - done
-- Quickshell configuration
--   Distributor: AUR (package: quickshell)
--   Distributor provided debuginfo: NO
--   Disable precompild headers (dev): OFF
--   Build tests (dev): OFF
--   ASAN (dev): OFF
--   Keep Frame Pointers (dev): OFF
--   Crash Handling: ON
--   Use jemalloc: ON
--   Unix Sockets: ON
--   Wayland: ON
--     Wlroots Layer-Shell: ON
--     Session Lock: ON
--     Foreign Toplevel Management: ON
--     Hyprland: ON
--       Hyprland IPC: ON
--       Hyprland Global Shortcuts: ON
--       Hyprland Focus Grabbing: ON
--       Hyprland Surface Extensions: ON
--     Screencopy: ON
--       Image Copy Capture: ON
--       Wlroots Screencopy: ON
--       Hyprland Toplevel Export: ON
--   X11: ON
--   I3/Sway: ON
--     I3/Sway IPC: ON
--   System Tray: ON
--   PipeWire: ON
--   Mpris: ON
--   Pam: ON
--   Greetd: ON
--   UPower: ON
--   Notifications: ON
--   Bluetooth: ON
-- QML install dir: /usr/lib/qt6/qml
-- Performing Test CMAKE_HAVE_LIBC_PTHREAD
-- Performing Test CMAKE_HAVE_LIBC_PTHREAD - Success
-- Found Threads: TRUE
-- Found OpenGL: /usr/lib/libOpenGL.so
-- Found WrapOpenGL: TRUE
-- Could NOT find WrapVulkanHeaders (missing: Vulkan_INCLUDE_DIR) 
-- Performing Test HAVE_STDATOMIC
-- Performing Test HAVE_STDATOMIC - Success
-- Found WrapAtomic: TRUE
-- Could NOT find WrapVulkanHeaders (missing: Vulkan_INCLUDE_DIR) 
-- Found Wayland_Client: /usr/lib/libwayland-client.so (found version "1.24.0")
-- Found Wayland_Server: /usr/lib/libwayland-server.so (found version "1.24.0")
-- Found Wayland_Cursor: /usr/lib/libwayland-cursor.so (found version "1.24.0")
-- Found Wayland_Egl: /usr/lib/libwayland-egl.so (found version "18.1.0")
-- Found Wayland: /usr/lib/libwayland-client.so;/usr/lib/libwayland-server.so;/usr/lib/libwayland-cursor.so;/usr/lib/libwayland-egl.so (found suitable version "1.24.0", minimum required is "1.15")
-- Found WaylandScanner: /usr/bin/wayland-scanner
-- Found PkgConfig: /usr/bin/pkg-config (found version "2.5.1")
-- Checking for module 'breakpad'
--   Found breakpad, version 0.1
-- Checking for modules 'wayland-client;wayland-protocols'
--   Found wayland-client, version 1.24.0
--   Found wayland-protocols, version 1.45
-- Found wayland-protocols at 
-- Checking for modules 'libdrm;gbm;egl'
--   Found libdrm, version 2.4.125
--   Found gbm, version 25.1.7-arch1.1
--   Found egl, version 1.5
-- Found XCB_XCB: /usr/lib/libxcb.so (found version "1.17.0")
-- Found XCB: /usr/lib/libxcb.so (found version "1.17.0") found components: XCB
-- Checking for module 'libpipewire-0.3'
--   Found libpipewire-0.3, version 1.4.7
-- Checking for module 'jemalloc'
--   Found jemalloc, version 5.3.0_0
-- Configuring done (3.8s)
-- Generating done (0.7s)
-- Build files have been written to: /home/pridxd/.cache/yay/quickshell/src/quickshell/build
[1/990] Generating wl-proto/linux-dmabuf-v1/wayland-linux-dmabuf-v1.c
[2/990] Generating wl-proto/wlr-layer-shell-unstable-v1/wayland-wlr-layer-shell-unstable-v1-client-protocol.h
[3/990] Generating wl-proto/ext-session-lock-v1/wayland-ext-session-lock-v1-client-protocol.h
[4/990] Generating wl-proto/ext-session-lock-v1/wayland-ext-session-lock-v1.c
[5/990] Generating wl-proto/wlr-foreign-toplevel-management-unstable-v1/wayland-wlr-foreign-toplevel-management-unstable-v1.c
[6/990] Generating wl-proto/linux-dmabuf-v1/wayland-linux-dmabuf-v1-client-protocol.h
[7/990] Generating wl-proto/ext-foreign-toplevel-list-v1/wayland-ext-foreign-toplevel-list-v1-client-protocol.h
[8/990] Generating wl-proto/wlr-layer-shell-unstable-v1/wayland-wlr-layer-shell-unstable-v1.c
[9/990] Generating wl-proto/xdg-shell/wayland-xdg-shell-client-protocol.h
[10/990] Generating wl-proto/xdg-shell/wayland-xdg-shell.c
[11/990] Generating wl-proto/wlr-foreign-toplevel-management-unstable-v1/wayland-wlr-foreign-toplevel-management-unstable-v1-client-protocol.h
[12/990] Generating wl-proto/ext-foreign-toplevel-list-v1/wayland-ext-foreign-toplevel-list-v1.c
[13/990] Generating wl-proto/ext-image-capture-source-v1/wayland-ext-image-capture-source-v1-client-protocol.h
[14/990] Generating wl-proto/ext-image-capture-source-v1/wayland-ext-image-capture-source-v1.c
[15/990] Generating wl-proto/wlr-screencopy-unstable-v1/wayland-wlr-screencopy-unstable-v1.c
[16/990] Generating wl-proto/hyprland-toplevel-export-v1/wayland-hyprland-toplevel-export-v1-client-protocol.h
[17/990] Generating wl-proto/hyprland-toplevel-export-v1/wayland-hyprland-toplevel-export-v1.c
[18/990] Generating wl-proto/ext-image-copy-capture-v1/wayland-ext-image-copy-capture-v1-client-protocol.h
[19/990] Generating wl-proto/ext-image-copy-capture-v1/wayland-ext-image-copy-capture-v1.c
[20/990] Generating wl-proto/wlr-screencopy-unstable-v1/wayland-wlr-screencopy-unstable-v1-client-protocol.h
[21/990] Generating wl-proto/hyprland-toplevel-mapping-v1/wayland-hyprland-toplevel-mapping-v1-client-protocol.h
[22/990] Generating wl-proto/hyprland-toplevel-mapping-v1/wayland-hyprland-toplevel-mapping-v1.c
[23/990] Generating wl-proto/hyprland-focus-grab-v1/wayland-hyprland-focus-grab-v1-client-protocol.h
[24/990] Generating wl-proto/hyprland-focus-grab-v1/wayland-hyprland-focus-grab-v1.c
[25/990] Generating wl-proto/hyprland-global-shortcuts-v1/wayland-hyprland-global-shortcuts-v1-client-protocol.h
[26/990] Generating wl-proto/hyprland-global-shortcuts-v1/wayland-hyprland-global-shortcuts-v1.c
[27/990] Generating wl-proto/hyprland-surface-v1/wayland-hyprland-surface-v1-client-protocol.h
[28/990] Generating wl-proto/hyprland-surface-v1/wayland-hyprland-surface-v1.c
[29/990] Copying quickshell-io qml sources into build dir
[30/990] Copying quickshell-widgets qml resources into build dir
[31/990] Copying quickshell-widgets qml sources into build dir
[32/990] Copying quickshell-ui qml sources into build dir
[33/990] Copying quickshell-ui qml resources into build dir
[34/990] Copying quickshell-io qml resources into build dir
[35/990] Automatic MOC for target qs-pchset-launch
[36/990] Automatic MOC for target qs-pchset-wayland-protocol
[37/990] Automatic MOC for target qs-pchset-dbus
[38/990] 
[39/990] Automatic MOC for target wl-proto-linux-dmabuf-v1-wl
[40/990] Automatic MOC for target wl-proto-wlr-layer-shell-unstable-v1-wl
[41/990] Automatic MOC for target wl-proto-wlr-screencopy-unstable-v1-wl
[42/990] Automatic MOC for target wl-proto-ext-foreign-toplevel-list-v1-wl
[43/990] Automatic MOC for target wl-proto-hyprland-focus-grab-v1-wl
[44/990] Automatic MOC for target quickshell-hyprland
[45/990] Automatic MOC for target wl-proto-xdg-shell-wl
[46/990] Automatic MOC for target wl-proto-hyprland-toplevel-export-v1-wl
[47/990] Automatic MOC for target wl-proto-wlr-foreign-toplevel-management-unstable-v1-wl
[48/990] Automatic MOC for target wl-proto-ext-image-copy-capture-v1-wl
[49/990] Automatic MOC for target wl-proto-hyprland-global-shortcuts-v1-wl
[50/990] Building CXX object src/wayland/CMakeFiles/qs-pchset-wayland-protocol.dir/qs-pchset-wayland-protocol_autogen/mocs_compilation.cpp.o
[51/990] Automatic MOC for target wl-proto-ext-image-capture-source-v1-wl
[52/990] Automatic MOC for target wl-proto-hyprland-toplevel-mapping-v1-wl
[53/990] Automatic MOC for target wl-proto-ext-session-lock-v1-wl
[54/990] Building CXX object src/wayland/buffer/CMakeFiles/wl-proto-linux-dmabuf-v1-wl.dir/wl-proto-linux-dmabuf-v1-wl_autogen/mocs_compilation.cpp.o
[55/990] Building CXX object src/wayland/wlr_layershell/CMakeFiles/wl-proto-wlr-layer-shell-unstable-v1-wl.dir/wl-proto-wlr-layer-shell-unstable-v1-wl_autogen/mocs_compilation.cpp.o
[56/990] Building CXX object src/wayland/toplevel_management/CMakeFiles/wl-proto-wlr-foreign-toplevel-management-unstable-v1-wl.dir/wl-proto-wlr-foreign-toplevel-management-unstable-v1-wl_autogen/mocs_compilation.cpp.o
[57/990] Automatic MOC for target quickshell-window-init
[58/990] Building CXX object src/wayland/screencopy/image_copy_capture/CMakeFiles/wl-proto-ext-foreign-toplevel-list-v1-wl.dir/wl-proto-ext-foreign-toplevel-list-v1-wl_autogen/mocs_compilation.cpp.o
[59/990] Building CXX object src/wayland/wlr_layershell/CMakeFiles/wl-proto-xdg-shell-wl.dir/wl-proto-xdg-shell-wl_autogen/mocs_compilation.cpp.o
[60/990] Building CXX object src/wayland/screencopy/image_copy_capture/CMakeFiles/wl-proto-ext-image-copy-capture-v1-wl.dir/wl-proto-ext-image-copy-capture-v1-wl_autogen/mocs_compilation.cpp.o
[61/990] Automatic MOC for target wl-proto-hyprland-surface-v1-wl
[62/990] Building CXX object src/wayland/screencopy/image_copy_capture/CMakeFiles/wl-proto-ext-image-capture-source-v1-wl.dir/wl-proto-ext-image-capture-source-v1-wl_autogen/mocs_compilation.cpp.o
[63/990] Building CXX object src/wayland/hyprland/ipc/CMakeFiles/wl-proto-hyprland-toplevel-mapping-v1-wl.dir/wl-proto-hyprland-toplevel-mapping-v1-wl_autogen/mocs_compilation.cpp.o
[64/990] Building CXX object src/wayland/session_lock/CMakeFiles/wl-proto-ext-session-lock-v1-wl.dir/wl-proto-ext-session-lock-v1-wl_autogen/mocs_compilation.cpp.o
[65/990] Building CXX object src/wayland/screencopy/hyprland_screencopy/CMakeFiles/wl-proto-hyprland-toplevel-export-v1-wl.dir/wl-proto-hyprland-toplevel-export-v1-wl_autogen/mocs_compilation.cpp.o
[66/990] Building CXX object src/wayland/hyprland/focus_grab/CMakeFiles/wl-proto-hyprland-focus-grab-v1-wl.dir/wl-proto-hyprland-focus-grab-v1-wl_autogen/mocs_compilation.cpp.o
[67/990] Building CXX object src/wayland/screencopy/wlr_screencopy/CMakeFiles/wl-proto-wlr-screencopy-unstable-v1-wl.dir/wl-proto-wlr-screencopy-unstable-v1-wl_autogen/mocs_compilation.cpp.o
[68/990] Building CXX object src/core/CMakeFiles/quickshell-core_resources_1.dir/.qt/rcc/qrc_qmake_Quickshell_init.cpp.o
[69/990] Building CXX object src/window/CMakeFiles/quickshell-window_resources_1.dir/.qt/rcc/qrc_qmake_Quickshell__Window_init.cpp.o
[70/990] Building C object src/wayland/screencopy/image_copy_capture/CMakeFiles/wl-proto-ext-foreign-toplevel-list-v1-wl.dir/wl-proto/ext-foreign-toplevel-list-v1/wayland-ext-foreign-toplevel-list-v1.c.o
[71/990] Building C object src/wayland/buffer/CMakeFiles/wl-proto-linux-dmabuf-v1-wl.dir/wl-proto/linux-dmabuf-v1/wayland-linux-dmabuf-v1.c.o
[72/990] Building C object src/wayland/toplevel_management/CMakeFiles/wl-proto-wlr-foreign-toplevel-management-unstable-v1-wl.dir/wl-proto/wlr-foreign-toplevel-management-unstable-v1/wayland-wlr-foreign-toplevel-management-unstable-v1.c.o
[73/990] Building CXX object src/wayland/hyprland/global_shortcuts/CMakeFiles/wl-proto-hyprland-global-shortcuts-v1-wl.dir/wl-proto-hyprland-global-shortcuts-v1-wl_autogen/mocs_compilation.cpp.o
[74/990] Building CXX object src/wayland/wlr_layershell/CMakeFiles/quickshell-wayland-layershell_resources_1.dir/.qt/rcc/qrc_qmake_Quickshell_Wayland__WlrLayerShell_init.cpp.o
[75/990] Building CXX object src/widgets/CMakeFiles/quickshell-widgets_resources_1.dir/.qt/rcc/qrc_qmake_Quickshell_Widgets_init.cpp.o
[76/990] Building CXX object src/widgets/CMakeFiles/quickshell-widgets_resources_3.dir/.qt/rcc/qrc_widgets-cliprect_init.cpp.o
[77/990] Building C object src/wayland/wlr_layershell/CMakeFiles/wl-proto-wlr-layer-shell-unstable-v1-wl.dir/wl-proto/wlr-layer-shell-unstable-v1/wayland-wlr-layer-shell-unstable-v1.c.o
[78/990] Building CXX object src/wayland/hyprland/surface/CMakeFiles/wl-proto-hyprland-surface-v1-wl.dir/wl-proto-hyprland-surface-v1-wl_autogen/mocs_compilation.cpp.o
[79/990] Running AUTOMOC file extraction for target quickshell-hyprland
[80/990] Building CXX object src/widgets/CMakeFiles/quickshell-widgets_resources_2.dir/.qt/rcc/qrc_quickshell-widgets_raw_qml_0_init.cpp.o
[81/990] Building C object src/wayland/screencopy/image_copy_capture/CMakeFiles/wl-proto-ext-image-copy-capture-v1-wl.dir/wl-proto/ext-image-copy-capture-v1/wayland-ext-image-copy-capture-v1.c.o
[82/990] Building C object src/wayland/screencopy/image_copy_capture/CMakeFiles/wl-proto-ext-image-capture-source-v1-wl.dir/wl-proto/ext-image-capture-source-v1/wayland-ext-image-capture-source-v1.c.o
[83/990] Building C object src/wayland/session_lock/CMakeFiles/wl-proto-ext-session-lock-v1-wl.dir/wl-proto/ext-session-lock-v1/wayland-ext-session-lock-v1.c.o
[84/990] Building C object src/wayland/screencopy/hyprland_screencopy/CMakeFiles/wl-proto-hyprland-toplevel-export-v1-wl.dir/wl-proto/hyprland-toplevel-export-v1/wayland-hyprland-toplevel-export-v1.c.o
[85/990] Building CXX object src/dbus/CMakeFiles/qs-pchset-dbus.dir/qs-pchset-dbus_autogen/mocs_compilation.cpp.o
[86/990] Building CXX object src/io/CMakeFiles/quickshell-io_resources_2.dir/.qt/rcc/qrc_quickshell-io_raw_qml_0_init.cpp.o
[87/990] Building C object src/wayland/wlr_layershell/CMakeFiles/wl-proto-xdg-shell-wl.dir/wl-proto/xdg-shell/wayland-xdg-shell.c.o
[88/990] Building C object src/wayland/screencopy/wlr_screencopy/CMakeFiles/wl-proto-wlr-screencopy-unstable-v1-wl.dir/wl-proto/wlr-screencopy-unstable-v1/wayland-wlr-screencopy-unstable-v1.c.o
[89/990] Running rcc for resource qmake_Quickshell_Hyprland
[90/990] Running moc --collect-json for target quickshell-hyprland
[91/990] Building CXX object src/io/CMakeFiles/quickshell-io_resources_1.dir/.qt/rcc/qrc_qmake_Quickshell_Io_init.cpp.o
[92/990] Building CXX object src/launch/CMakeFiles/qs-pchset-launch.dir/qs-pchset-launch_autogen/mocs_compilation.cpp.o
[93/990] Building C object src/wayland/hyprland/ipc/CMakeFiles/wl-proto-hyprland-toplevel-mapping-v1-wl.dir/wl-proto/hyprland-toplevel-mapping-v1/wayland-hyprland-toplevel-mapping-v1.c.o
[94/990] Building C object src/wayland/hyprland/surface/CMakeFiles/wl-proto-hyprland-surface-v1-wl.dir/wl-proto/hyprland-surface-v1/wayland-hyprland-surface-v1.c.o
[95/990] Linking CXX static library src/wayland/screencopy/image_copy_capture/libwl-proto-ext-foreign-toplevel-list-v1-wl.a
[96/990] Linking CXX static library src/wayland/buffer/libwl-proto-linux-dmabuf-v1-wl.a
[97/990] Linking CXX static library src/wayland/toplevel_management/libwl-proto-wlr-foreign-toplevel-management-unstable-v1-wl.a
[98/990] Building C object src/wayland/hyprland/global_shortcuts/CMakeFiles/wl-proto-hyprland-global-shortcuts-v1-wl.dir/wl-proto/hyprland-global-shortcuts-v1/wayland-hyprland-global-shortcuts-v1.c.o
[99/990] Linking CXX static library src/wayland/wlr_layershell/libwl-proto-wlr-layer-shell-unstable-v1-wl.a
[100/990] Linking CXX static library src/wayland/screencopy/image_copy_capture/libwl-proto-ext-image-copy-capture-v1-wl.a
[101/990] Building C object src/wayland/hyprland/focus_grab/CMakeFiles/wl-proto-hyprland-focus-grab-v1-wl.dir/wl-proto/hyprland-focus-grab-v1/wayland-hyprland-focus-grab-v1.c.o
[102/990] Linking CXX static library src/wayland/screencopy/wlr_screencopy/libwl-proto-wlr-screencopy-unstable-v1-wl.a
[103/990] Linking CXX static library src/wayland/session_lock/libwl-proto-ext-session-lock-v1-wl.a
[104/990] Linking CXX static library src/wayland/wlr_layershell/libwl-proto-xdg-shell-wl.a
[105/990] Linking CXX static library src/wayland/screencopy/image_copy_capture/libwl-proto-ext-image-capture-source-v1-wl.a
[106/990] Linking CXX static library src/wayland/screencopy/hyprland_screencopy/libwl-proto-hyprland-toplevel-export-v1-wl.a
[107/990] Automatic MOC for target quickshell-wayland-init
[108/990] Linking CXX static library src/wayland/hyprland/ipc/libwl-proto-hyprland-toplevel-mapping-v1-wl.a
[109/990] Linking CXX static library src/wayland/hyprland/surface/libwl-proto-hyprland-surface-v1-wl.a
[110/990] Automatic QML type registration for target quickshell-hyprland
[111/990] Linking CXX static library src/wayland/hyprland/global_shortcuts/libwl-proto-hyprland-global-shortcuts-v1-wl.a
[112/990] Building CXX object src/widgets/CMakeFiles/quickshell-widgets_resources_4.dir/.qt/rcc/qrc_widgets-cliprect-ub_init.cpp.o
[113/990] Building CXX object src/dbus/dbusmenu/CMakeFiles/quickshell-dbusmenu_resources_1.dir/.qt/rcc/qrc_qmake_Quickshell_DBusMenu_init.cpp.o
[114/990] Building CXX object src/ui/CMakeFiles/quickshell-ui_resources_1.dir/.qt/rcc/qrc_qmake_Quickshell__InternalUi_init.cpp.o
[115/990] Linking CXX static library src/wayland/hyprland/focus_grab/libwl-proto-hyprland-focus-grab-v1-wl.a
[116/990] Automatic MOC for target quickshell-hyprlandplugin_init
[117/990] Building CXX object src/ui/CMakeFiles/quickshell-ui_resources_2.dir/.qt/rcc/qrc_quickshell-ui_raw_qml_0_init.cpp.o
[118/990] Building CXX object src/wayland/hyprland/CMakeFiles/quickshell-hyprland.dir/quickshell-hyprland_autogen/mocs_compilation.cpp.o
[119/990] Building CXX object src/wayland/CMakeFiles/quickshell-wayland_resources_1.dir/.qt/rcc/qrc_qmake_Quickshell_Wayland_init.cpp.o
[120/990] Building CXX object src/wayland/hyprland/CMakeFiles/quickshell-hyprland_resources_1.dir/.qt/rcc/qrc_qmake_Quickshell_Hyprland_init.cpp.o
[121/990] Building CXX object src/wayland/screencopy/CMakeFiles/quickshell-wayland-screencopy_resources_1.dir/.qt/rcc/qrc_qmake_Quickshell_Wayland__Screencopy_init.cpp.o
[122/990] Automatic MOC for target quickshell-i3plugin_init
[123/990] Building CXX object src/wayland/hyprland/CMakeFiles/quickshell-hyprland.dir/.qt/rcc/qrc_qmake_Quickshell_Hyprland.cpp.o
[124/990] Building CXX object src/window/CMakeFiles/quickshell-window-init.dir/quickshell-window-init_autogen/mocs_compilation.cpp.o
[125/990] Running AUTOMOC file extraction for target quickshell-hyprlandplugin_init
[126/990] Building CXX object src/wayland/hyprland/ipc/CMakeFiles/quickshell-hyprland-ipc_resources_1.dir/.qt/rcc/qrc_qmake_Quickshell_Hyprland__Ipc_init.cpp.o
[127/990] Running AUTOMOC file extraction for target quickshell-i3plugin_init
[128/990] Building CXX object src/wayland/hyprland/focus_grab/CMakeFiles/quickshell-hyprland-focus-grab_resources_1.dir/.qt/rcc/qrc_qmake_Quickshell_Hyprland__FocusGrab_init.cpp.o
[129/990] Automatic MOC for target quickshell-x11-init
[130/990] Building CXX object src/wayland/toplevel_management/CMakeFiles/quickshell-wayland-toplevel-management_resources_1.dir/.qt/rcc/qrc_qmake_Quickshell_Wayland__ToplevelManagement_init.cpp.o
[131/990] Building CXX object src/wayland/CMakeFiles/quickshell-wayland-init.dir/quickshell-wayland-init_autogen/mocs_compilation.cpp.o
[132/990] Building CXX object src/wayland/hyprland/global_shortcuts/CMakeFiles/quickshell-hyprland-global-shortcuts_resources_1.dir/.qt/rcc/qrc_qmake_Quickshell_Hyprland__GlobalShortcuts_init.cpp.o
[133/990] Running moc --collect-json for target quickshell-i3plugin_init
[134/990] Running moc --collect-json for target quickshell-hyprlandplugin_init
[135/990] Building CXX object src/x11/i3/CMakeFiles/quickshell-i3_resources_1.dir/.qt/rcc/qrc_qmake_Quickshell_I3_init.cpp.o
[136/990] Building CXX object src/x11/CMakeFiles/quickshell-x11_resources_1.dir/.qt/rcc/qrc_qmake_Quickshell_X11_init.cpp.o
[137/990] Building CXX object src/wayland/hyprland/surface/CMakeFiles/quickshell-hyprland-surface-extensions_resources_1.dir/.qt/rcc/qrc_qmake_Quickshell_Hyprland__SurfaceExtensions_init.cpp.o
[138/990] Building CXX object src/x11/CMakeFiles/quickshell-x11-init.dir/quickshell-x11-init_autogen/mocs_compilation.cpp.o
[139/990] Building CXX object src/x11/i3/ipc/CMakeFiles/quickshell-i3-ipc_resources_1.dir/.qt/rcc/qrc_qmake_Quickshell_I3__Ipc_init.cpp.o
[140/990] Building CXX object src/wayland/hyprland/CMakeFiles/quickshell-hyprlandplugin_init.dir/quickshell-hyprlandplugin_init_autogen/mocs_compilation.cpp.o
[141/990] Building CXX object src/x11/i3/CMakeFiles/quickshell-i3plugin_init.dir/quickshell-i3plugin_init_autogen/mocs_compilation.cpp.o
[142/990] Building CXX object src/services/pipewire/CMakeFiles/quickshell-service-pipewire_resources_1.dir/.qt/rcc/qrc_qmake_Quickshell_Services_Pipewire_init.cpp.o
[143/990] Building CXX object src/services/status_notifier/CMakeFiles/quickshell-service-statusnotifier_resources_1.dir/.qt/rcc/qrc_qmake_Quickshell_Services_SystemTray_init.cpp.o
[144/990] Building CXX object src/services/mpris/CMakeFiles/quickshell-service-mpris_resources_1.dir/.qt/rcc/qrc_qmake_Quickshell_Services_Mpris_init.cpp.o
[145/990] Running qmlimportscanner for quickshell
[146/990] Building CXX object src/services/pam/CMakeFiles/quickshell-service-pam_resources_1.dir/.qt/rcc/qrc_qmake_Quickshell_Services_Pam_init.cpp.o
[147/990] Building CXX object src/services/greetd/CMakeFiles/quickshell-service-greetd_resources_1.dir/.qt/rcc/qrc_qmake_Quickshell_Services_Greetd_init.cpp.o
[148/990] Building CXX object src/services/notifications/CMakeFiles/quickshell-service-notifications_resources_1.dir/.qt/rcc/qrc_qmake_Quickshell_Services_Notifications_init.cpp.o
[149/990] Building CXX object src/services/upower/CMakeFiles/quickshell-service-upower_resources_1.dir/.qt/rcc/qrc_qmake_Quickshell_Services_UPower_init.cpp.o
[150/990] Building CXX object src/bluetooth/CMakeFiles/quickshell-bluetooth_resources_1.dir/.qt/rcc/qrc_qmake_Quickshell_Bluetooth_init.cpp.o
[151/990] Building CXX object src/wayland/hyprland/CMakeFiles/quickshell-hyprland.dir/quickshell-hyprland_qmltyperegistrations.cpp.o
[152/990] Linking CXX static library src/wayland/hyprland/libquickshell-hyprland.a
[153/990] Building CXX object src/window/CMakeFiles/quickshell-window-init.dir/init.cpp.o
[154/990] Building CXX object src/x11/i3/CMakeFiles/quickshell-i3plugin_init.dir/quickshell_i3plugin_init.cpp.o
[155/990] Building CXX object src/wayland/hyprland/CMakeFiles/quickshell-hyprlandplugin_init.dir/quickshell_hyprlandplugin_init.cpp.o
[156/990] Building CXX object src/wayland/CMakeFiles/qs-pchset-wayland-protocol.dir/cmake_pch.hxx.gch
[157/990] Building CXX object src/wayland/CMakeFiles/qs-pchset-wayland-protocol.dir/__/__/pchstub.cpp.o
[158/990] Linking CXX static library src/wayland/libqs-pchset-wayland-protocol.a
[159/990] Generating wl-proto/wlr-layer-shell-unstable-v1/qwayland-wlr-layer-shell-unstable-v1.h
[160/990] Generating wl-proto/wlr-layer-shell-unstable-v1/qwayland-wlr-layer-shell-unstable-v1.cpp
[161/990] Generating wl-proto/ext-session-lock-v1/qwayland-ext-session-lock-v1.h
[162/990] Generating wl-proto/ext-session-lock-v1/qwayland-ext-session-lock-v1.cpp
[163/990] Generating wl-proto/wlr-foreign-toplevel-management-unstable-v1/qwayland-wlr-foreign-toplevel-management-unstable-v1.h
[164/990] Generating wl-proto/wlr-foreign-toplevel-management-unstable-v1/qwayland-wlr-foreign-toplevel-management-unstable-v1.cpp
[165/990] Generating wl-proto/linux-dmabuf-v1/qwayland-linux-dmabuf-v1.cpp
[166/990] Generating wl-proto/ext-foreign-toplevel-list-v1/qwayland-ext-foreign-toplevel-list-v1.h
[167/990] Generating wl-proto/ext-foreign-toplevel-list-v1/qwayland-ext-foreign-toplevel-list-v1.cpp
[168/990] Generating wl-proto/xdg-shell/qwayland-xdg-shell.h
[169/990] Generating wl-proto/xdg-shell/qwayland-xdg-shell.cpp
[170/990] Generating wl-proto/linux-dmabuf-v1/qwayland-linux-dmabuf-v1.h
[171/990] Generating wl-proto/ext-image-copy-capture-v1/qwayland-ext-image-copy-capture-v1.h
[172/990] Generating wl-proto/ext-image-copy-capture-v1/qwayland-ext-image-copy-capture-v1.cpp
[173/990] Generating wl-proto/ext-image-capture-source-v1/qwayland-ext-image-capture-source-v1.h
[174/990] Generating wl-proto/ext-image-capture-source-v1/qwayland-ext-image-capture-source-v1.cpp
[175/990] Generating wl-proto/wlr-screencopy-unstable-v1/qwayland-wlr-screencopy-unstable-v1.h
[176/990] Generating wl-proto/wlr-screencopy-unstable-v1/qwayland-wlr-screencopy-unstable-v1.cpp
[177/990] Generating wl-proto/hyprland-toplevel-export-v1/qwayland-hyprland-toplevel-export-v1.h
[178/990] Generating wl-proto/hyprland-toplevel-mapping-v1/qwayland-hyprland-toplevel-mapping-v1.h
[179/990] Generating wl-proto/hyprland-toplevel-export-v1/qwayland-hyprland-toplevel-export-v1.cpp
[180/990] Generating wl-proto/hyprland-toplevel-mapping-v1/qwayland-hyprland-toplevel-mapping-v1.cpp
[181/990] Generating wl-proto/hyprland-focus-grab-v1/qwayland-hyprland-focus-grab-v1.h
[182/990] Generating wl-proto/hyprland-focus-grab-v1/qwayland-hyprland-focus-grab-v1.cpp
[183/990] Generating wl-proto/hyprland-global-shortcuts-v1/qwayland-hyprland-global-shortcuts-v1.cpp
[184/990] Generating wl-proto/hyprland-surface-v1/qwayland-hyprland-surface-v1.cpp
[185/990] Generating wl-proto/hyprland-surface-v1/qwayland-hyprland-surface-v1.h
[186/990] Generating wl-proto/hyprland-global-shortcuts-v1/qwayland-hyprland-global-shortcuts-v1.h
[187/990] Automatic MOC for target wlp-layer-shell
[188/990] Automatic MOC for target wlp-wlr-screencopy
[189/990] Automatic MOC for target wlp-session-lock
[190/990] Automatic MOC for target wlp-ext-foreign-toplevel
[191/990] Automatic MOC for target wlp-xdg-shell
[192/990] Automatic MOC for target wlp-image-capture-source
[193/990] Automatic MOC for target wlp-hyprland-surface
[194/990] Automatic MOC for target wlp-foreign-toplevel
[195/990] Automatic MOC for target wlp-linux-dmabuf
[196/990] Automatic MOC for target wlp-image-copy-capture
[197/990] Automatic MOC for target wlp-hyprland-focus-grab
[198/990] Automatic MOC for target wlp-hyprland-screencopy
[199/990] Automatic MOC for target wlp-hyprland-toplevel-mapping
[200/990] Automatic MOC for target wlp-hyprland-shortcuts
[201/990] Building CXX object src/wayland/hyprland/surface/CMakeFiles/wlp-hyprland-surface.dir/wlp-hyprland-surface_autogen/mocs_compilation.cpp.o
[202/990] Building CXX object src/wayland/wlr_layershell/CMakeFiles/wlp-layer-shell.dir/wlp-layer-shell_autogen/mocs_compilation.cpp.o
[203/990] Building CXX object src/wayland/screencopy/wlr_screencopy/CMakeFiles/wlp-wlr-screencopy.dir/wlp-wlr-screencopy_autogen/mocs_compilation.cpp.o
[204/990] Building CXX object src/wayland/session_lock/CMakeFiles/wlp-session-lock.dir/wlp-session-lock_autogen/mocs_compilation.cpp.o
[205/990] Building CXX object src/wayland/screencopy/image_copy_capture/CMakeFiles/wlp-image-capture-source.dir/wlp-image-capture-source_autogen/mocs_compilation.cpp.o
[206/990] Building CXX object src/wayland/screencopy/image_copy_capture/CMakeFiles/wlp-ext-foreign-toplevel.dir/wlp-ext-foreign-toplevel_autogen/mocs_compilation.cpp.o
[207/990] Building CXX object src/wayland/wlr_layershell/CMakeFiles/wlp-xdg-shell.dir/wlp-xdg-shell_autogen/mocs_compilation.cpp.o
[208/990] Building CXX object src/wayland/toplevel_management/CMakeFiles/wlp-foreign-toplevel.dir/wlp-foreign-toplevel_autogen/mocs_compilation.cpp.o
[209/990] Building CXX object src/wayland/buffer/CMakeFiles/wlp-linux-dmabuf.dir/wlp-linux-dmabuf_autogen/mocs_compilation.cpp.o
[210/990] Automatic MOC for target quickshell-hyprlandplugin
[211/990] Building CXX object src/wayland/screencopy/image_copy_capture/CMakeFiles/wlp-image-copy-capture.dir/wlp-image-copy-capture_autogen/mocs_compilation.cpp.o
[212/990] Building CXX object src/wayland/screencopy/hyprland_screencopy/CMakeFiles/wlp-hyprland-screencopy.dir/wlp-hyprland-screencopy_autogen/mocs_compilation.cpp.o
[213/990] Building CXX object src/wayland/hyprland/ipc/CMakeFiles/wlp-hyprland-toplevel-mapping.dir/wlp-hyprland-toplevel-mapping_autogen/mocs_compilation.cpp.o
[214/990] Building CXX object src/wayland/hyprland/CMakeFiles/quickshell-hyprlandplugin.dir/quickshell-hyprlandplugin_autogen/mocs_compilation.cpp.o
[215/990] Building CXX object src/wayland/hyprland/focus_grab/CMakeFiles/wlp-hyprland-focus-grab.dir/wlp-hyprland-focus-grab_autogen/mocs_compilation.cpp.o
[216/990] Building CXX object src/wayland/hyprland/global_shortcuts/CMakeFiles/wlp-hyprland-shortcuts.dir/wlp-hyprland-shortcuts_autogen/mocs_compilation.cpp.o
[217/990] Building CXX object src/wayland/session_lock/CMakeFiles/wlp-session-lock.dir/wl-proto/ext-session-lock-v1/qwayland-ext-session-lock-v1.cpp.o
[218/990] Linking CXX static library src/wayland/session_lock/libwlp-session-lock.a
[219/990] Building CXX object src/wayland/hyprland/surface/CMakeFiles/wlp-hyprland-surface.dir/wl-proto/hyprland-surface-v1/qwayland-hyprland-surface-v1.cpp.o
[220/990] Building CXX object src/wayland/screencopy/wlr_screencopy/CMakeFiles/wlp-wlr-screencopy.dir/wl-proto/wlr-screencopy-unstable-v1/qwayland-wlr-screencopy-unstable-v1.cpp.o
[221/990] Building CXX object src/wayland/screencopy/hyprland_screencopy/CMakeFiles/wlp-hyprland-screencopy.dir/wl-proto/hyprland-toplevel-export-v1/qwayland-hyprland-toplevel-export-v1.cpp.o
[222/990] Building CXX object src/wayland/screencopy/image_copy_capture/CMakeFiles/wlp-image-capture-source.dir/wl-proto/ext-image-capture-source-v1/qwayland-ext-image-capture-source-v1.cpp.o
[223/990] Building CXX object src/wayland/hyprland/ipc/CMakeFiles/wlp-hyprland-toplevel-mapping.dir/wl-proto/hyprland-toplevel-mapping-v1/qwayland-hyprland-toplevel-mapping-v1.cpp.o
[224/990] Linking CXX static library src/wayland/hyprland/surface/libwlp-hyprland-surface.a
[225/990] Building CXX object src/wayland/hyprland/focus_grab/CMakeFiles/wlp-hyprland-focus-grab.dir/wl-proto/hyprland-focus-grab-v1/qwayland-hyprland-focus-grab-v1.cpp.o
[226/990] Building CXX object src/wayland/toplevel_management/CMakeFiles/wlp-foreign-toplevel.dir/wl-proto/wlr-foreign-toplevel-management-unstable-v1/qwayland-wlr-foreign-toplevel-management-unstable-v1.cpp.o
[227/990] Building CXX object src/wayland/wlr_layershell/CMakeFiles/wlp-layer-shell.dir/wl-proto/wlr-layer-shell-unstable-v1/qwayland-wlr-layer-shell-unstable-v1.cpp.o
[228/990] Building CXX object src/wayland/buffer/CMakeFiles/wlp-linux-dmabuf.dir/wl-proto/linux-dmabuf-v1/qwayland-linux-dmabuf-v1.cpp.o
[229/990] Building CXX object src/wayland/screencopy/image_copy_capture/CMakeFiles/wlp-image-copy-capture.dir/wl-proto/ext-image-copy-capture-v1/qwayland-ext-image-copy-capture-v1.cpp.o
[230/990] Linking CXX static library src/wayland/screencopy/hyprland_screencopy/libwlp-hyprland-screencopy.a
[231/990] Linking CXX static library src/wayland/screencopy/wlr_screencopy/libwlp-wlr-screencopy.a
[232/990] Linking CXX static library src/wayland/screencopy/image_copy_capture/libwlp-image-capture-source.a
[233/990] Linking CXX static library src/wayland/hyprland/focus_grab/libwlp-hyprland-focus-grab.a
[234/990] Linking CXX static library src/wayland/hyprland/ipc/libwlp-hyprland-toplevel-mapping.a
[235/990] Linking CXX static library src/wayland/wlr_layershell/libwlp-layer-shell.a
[236/990] Linking CXX static library src/wayland/toplevel_management/libwlp-foreign-toplevel.a
[237/990] Linking CXX static library src/wayland/buffer/libwlp-linux-dmabuf.a
[238/990] Linking CXX static library src/wayland/screencopy/image_copy_capture/libwlp-image-copy-capture.a
[239/990] Building CXX object src/wayland/wlr_layershell/CMakeFiles/wlp-xdg-shell.dir/wl-proto/xdg-shell/qwayland-xdg-shell.cpp.o
[240/990] Building CXX object src/wayland/screencopy/image_copy_capture/CMakeFiles/wlp-ext-foreign-toplevel.dir/wl-proto/ext-foreign-toplevel-list-v1/qwayland-ext-foreign-toplevel-list-v1.cpp.o
[241/990] Building CXX object src/wayland/hyprland/global_shortcuts/CMakeFiles/wlp-hyprland-shortcuts.dir/wl-proto/hyprland-global-shortcuts-v1/qwayland-hyprland-global-shortcuts-v1.cpp.o
[242/990] Linking CXX static library src/wayland/wlr_layershell/libwlp-xdg-shell.a
[243/990] Linking CXX static library src/wayland/screencopy/image_copy_capture/libwlp-ext-foreign-toplevel.a
[244/990] Linking CXX static library src/wayland/hyprland/global_shortcuts/libwlp-hyprland-shortcuts.a
[245/990] Building CXX object src/wayland/CMakeFiles/quickshell-wayland-init.dir/init.cpp.o
[246/990] Building CXX object src/x11/CMakeFiles/quickshell-x11-init.dir/init.cpp.o
[247/990] Building CXX object CMakeFiles/qs-pchset-common.dir/cmake_pch.hxx.gch
[248/990] Building CXX object CMakeFiles/qs-pchset-plugin.dir/cmake_pch.hxx.gch
[249/990] Building CXX object CMakeFiles/qs-pchset-common.dir/pchstub.cpp.o
[250/990] Linking CXX static library libqs-pchset-common.a
[251/990] Automatic MOC for target quickshell-i3
[252/990] Automatic MOC for target quickshell-debug
[253/990] Running AUTOMOC file extraction for target quickshell-debug
[254/990] Running AUTOMOC file extraction for target quickshell-i3
[255/990] Running rcc for resource qmake_Quickshell_I3
[256/990] Running moc --collect-json for target quickshell-i3
[257/990] Running moc --collect-json for target quickshell-debug
[258/990] Automatic QML type registration for target quickshell-i3
[259/990] Building CXX object src/x11/i3/CMakeFiles/quickshell-i3.dir/quickshell-i3_autogen/mocs_compilation.cpp.o
[260/990] Building CXX object src/x11/i3/CMakeFiles/quickshell-i3.dir/.qt/rcc/qrc_qmake_Quickshell_I3.cpp.o
[261/990] Building CXX object CMakeFiles/qs-pchset-plugin.dir/pchstub.cpp.o
[262/990] Building CXX object src/launch/CMakeFiles/qs-pchset-launch.dir/cmake_pch.hxx.gch
[263/990] Building CXX object src/wayland/hyprland/CMakeFiles/quickshell-hyprlandplugin.dir/quickshell-hyprlandplugin_Quickshell_HyprlandPlugin.cpp.o
[264/990] Linking CXX static library libqs-pchset-plugin.a
[265/990] Linking CXX static library qml_modules/Quickshell/Hyprland/libquickshell-hyprlandplugin.a
[266/990] Automatic MOC for target quickshell-hyprland-ipcplugin_init
[267/990] Automatic MOC for target quickshell-dbusmenuplugin_init
[268/990] Automatic MOC for target quickshell-waylandplugin_init
[269/990] Automatic MOC for target quickshell-ioplugin_init
[270/990] Automatic MOC for target quickshell-widgetsplugin_init
[271/990] Automatic MOC for target quickshell-windowplugin_init
[272/990] Automatic MOC for target quickshell-wayland-screencopyplugin_init
[273/990] Automatic MOC for target quickshell-wayland-layershellplugin_init
[274/990] Automatic MOC for target quickshell-uiplugin_init
[275/990] Automatic MOC for target quickshell-x11plugin_init
[276/990] Automatic MOC for target quickshell-coreplugin_init
[277/990] Automatic MOC for target quickshell-wayland-toplevel-managementplugin_init
[278/990] Running AUTOMOC file extraction for target quickshell-wayland-layershellplugin_init
[279/990] Running AUTOMOC file extraction for target quickshell-coreplugin_init
[280/990] Automatic MOC for target quickshell-hyprland-focus-grabplugin_init
[281/990] Automatic MOC for target quickshell-hyprland-global-shortcutsplugin_init
[282/990] Running AUTOMOC file extraction for target quickshell-windowplugin_init
[283/990] Running AUTOMOC file extraction for target quickshell-ioplugin_init
[284/990] Automatic MOC for target quickshell-hyprland-surface-extensionsplugin_init
[285/990] Running AUTOMOC file extraction for target quickshell-widgetsplugin_init
[286/990] Running AUTOMOC file extraction for target quickshell-uiplugin_init
[287/990] Running AUTOMOC file extraction for target quickshell-dbusmenuplugin_init
[288/990] Running AUTOMOC file extraction for target quickshell-wayland-toplevel-managementplugin_init
[289/990] Running AUTOMOC file extraction for target quickshell-waylandplugin_init
[290/990] Running AUTOMOC file extraction for target quickshell-wayland-screencopyplugin_init
[291/990] Automatic MOC for target quickshell-i3-ipcplugin_init
[292/990] Running AUTOMOC file extraction for target quickshell-hyprland-ipcplugin_init
[293/990] Running AUTOMOC file extraction for target quickshell-hyprland-global-shortcutsplugin_init
[294/990] Automatic MOC for target quickshell-ipc
[295/990] Running AUTOMOC file extraction for target quickshell-hyprland-focus-grabplugin_init
[296/990] Running AUTOMOC file extraction for target quickshell-hyprland-surface-extensionsplugin_init
[297/990] Running AUTOMOC file extraction for target quickshell-x11plugin_init
[298/990] Running AUTOMOC file extraction for target quickshell-i3-ipcplugin_init
[299/990] Running AUTOMOC file extraction for target quickshell-ipc
[300/990] Running moc --collect-json for target quickshell-wayland-layershellplugin_init
[301/990] Running moc --collect-json for target quickshell-ioplugin_init
[302/990] Running moc --collect-json for target quickshell-coreplugin_init
[303/990] Running moc --collect-json for target quickshell-windowplugin_init
[304/990] Running moc --collect-json for target quickshell-uiplugin_init
[305/990] Running moc --collect-json for target quickshell-widgetsplugin_init
[306/990] Running moc --collect-json for target quickshell-waylandplugin_init
[307/990] Running moc --collect-json for target quickshell-dbusmenuplugin_init
[308/990] Running moc --collect-json for target quickshell-ipc
[309/990] Automatic MOC for target quickshell-service-statusnotifierplugin_init
[310/990] Automatic MOC for target quickshell-service-pipewireplugin_init
[311/990] Running moc --collect-json for target quickshell-wayland-toplevel-managementplugin_init
[312/990] Building CXX object src/wayland/wlr_layershell/CMakeFiles/quickshell-wayland-layershellplugin_init.dir/quickshell-wayland-layershellplugin_init_autogen/mocs_compilation.cpp.o
[313/990] Running AUTOMOC file extraction for target quickshell-service-statusnotifierplugin_init
[314/990] Running moc --collect-json for target quickshell-hyprland-ipcplugin_init
[315/990] Automatic MOC for target quickshell-service-mprisplugin_init
[316/990] Running moc --collect-json for target quickshell-wayland-screencopyplugin_init
[317/990] Running moc --collect-json for target quickshell-hyprland-global-shortcutsplugin_init
[318/990] Running moc --collect-json for target quickshell-hyprland-focus-grabplugin_init
[319/990] Running moc --collect-json for target quickshell-hyprland-surface-extensionsplugin_init
[320/990] Running AUTOMOC file extraction for target quickshell-service-pipewireplugin_init
[321/990] Automatic MOC for target quickshell-service-pamplugin_init
[322/990] Running AUTOMOC file extraction for target quickshell-service-mprisplugin_init
[323/990] Running AUTOMOC file extraction for target quickshell-service-pamplugin_init
[324/990] Automatic MOC for target quickshell-service-greetdplugin_init
[325/990] Automatic MOC for target quickshell-service-upowerplugin_init
[326/990] Automatic MOC for target quickshell-bluetoothplugin_init
[327/990] Running AUTOMOC file extraction for target quickshell-service-upowerplugin_init
[328/990] Running moc --collect-json for target quickshell-i3-ipcplugin_init
[329/990] Running AUTOMOC file extraction for target quickshell-service-greetdplugin_init
[330/990] Automatic MOC for target quickshell-service-notificationsplugin_init
[331/990] Running moc --collect-json for target quickshell-x11plugin_init
[332/990] Running AUTOMOC file extraction for target quickshell-bluetoothplugin_init
[333/990] Running moc --collect-json for target quickshell-service-statusnotifierplugin_init
[334/990] Running AUTOMOC file extraction for target quickshell-service-notificationsplugin_init
[335/990] Running moc --collect-json for target quickshell-service-pipewireplugin_init
[336/990] Building CXX object src/core/CMakeFiles/quickshell-coreplugin_init.dir/quickshell-coreplugin_init_autogen/mocs_compilation.cpp.o
[337/990] Running moc --collect-json for target quickshell-service-mprisplugin_init
[338/990] Building CXX object src/window/CMakeFiles/quickshell-windowplugin_init.dir/quickshell-windowplugin_init_autogen/mocs_compilation.cpp.o
[339/990] Running moc --collect-json for target quickshell-service-pamplugin_init
[340/990] Running moc --collect-json for target quickshell-service-upowerplugin_init
[341/990] Running moc --collect-json for target quickshell-service-greetdplugin_init
[342/990] Building CXX object src/io/CMakeFiles/quickshell-ioplugin_init.dir/quickshell-ioplugin_init_autogen/mocs_compilation.cpp.o
[343/990] Running moc --collect-json for target quickshell-bluetoothplugin_init
[344/990] Running moc --collect-json for target quickshell-service-notificationsplugin_init
[345/990] Building CXX object src/ui/CMakeFiles/quickshell-uiplugin_init.dir/quickshell-uiplugin_init_autogen/mocs_compilation.cpp.o
[346/990] Building CXX object src/widgets/CMakeFiles/quickshell-widgetsplugin_init.dir/quickshell-widgetsplugin_init_autogen/mocs_compilation.cpp.o
[347/990] Building CXX object src/dbus/dbusmenu/CMakeFiles/quickshell-dbusmenuplugin_init.dir/quickshell-dbusmenuplugin_init_autogen/mocs_compilation.cpp.o
[348/990] Building CXX object src/wayland/CMakeFiles/quickshell-waylandplugin_init.dir/quickshell-waylandplugin_init_autogen/mocs_compilation.cpp.o
[349/990] Building CXX object src/wayland/toplevel_management/CMakeFiles/quickshell-wayland-toplevel-managementplugin_init.dir/quickshell-wayland-toplevel-managementplugin_init_autogen/mocs_compilation.cpp.o
[350/990] Building CXX object src/wayland/screencopy/CMakeFiles/quickshell-wayland-screencopyplugin_init.dir/quickshell-wayland-screencopyplugin_init_autogen/mocs_compilation.cpp.o
[351/990] Building CXX object src/wayland/hyprland/ipc/CMakeFiles/quickshell-hyprland-ipcplugin_init.dir/quickshell-hyprland-ipcplugin_init_autogen/mocs_compilation.cpp.o
[352/990] Building CXX object src/wayland/hyprland/focus_grab/CMakeFiles/quickshell-hyprland-focus-grabplugin_init.dir/quickshell-hyprland-focus-grabplugin_init_autogen/mocs_compilation.cpp.o
[353/990] Building CXX object src/wayland/hyprland/global_shortcuts/CMakeFiles/quickshell-hyprland-global-shortcutsplugin_init.dir/quickshell-hyprland-global-shortcutsplugin_init_autogen/mocs_compilation.cpp.o
[354/990] Building CXX object src/wayland/hyprland/surface/CMakeFiles/quickshell-hyprland-surface-extensionsplugin_init.dir/quickshell-hyprland-surface-extensionsplugin_init_autogen/mocs_compilation.cpp.o
[355/990] Building CXX object src/x11/CMakeFiles/quickshell-x11plugin_init.dir/quickshell-x11plugin_init_autogen/mocs_compilation.cpp.o
[356/990] Building CXX object src/debug/CMakeFiles/quickshell-debug.dir/quickshell-debug_autogen/mocs_compilation.cpp.o
[357/990] Building CXX object src/x11/i3/ipc/CMakeFiles/quickshell-i3-ipcplugin_init.dir/quickshell-i3-ipcplugin_init_autogen/mocs_compilation.cpp.o
[358/990] Automatic MOC for target quickshell-widgets
[359/990] Running AUTOMOC file extraction for target quickshell-widgets
[360/990] Automatic MOC for target quickshell-service-pam
[361/990] Running AUTOMOC file extraction for target quickshell-service-pam
[362/990] Running moc --collect-json for target quickshell-widgets
[363/990] Automatic MOC for target quickshell-io
[364/990] Automatic MOC for target quickshell-service-greetd
[365/990] Running AUTOMOC file extraction for target quickshell-io
[366/990] Running AUTOMOC file extraction for target quickshell-service-greetd
[367/990] Running moc --collect-json for target quickshell-io
[368/990] Automatic MOC for target quickshell-service-pipewire
[369/990] Running AUTOMOC file extraction for target quickshell-service-pipewire
[370/990] Automatic QML type registration for target quickshell-widgets
[371/990] Automatic MOC for target quickshell-hyprland-global-shortcuts
[372/990] Running moc --collect-json for target quickshell-service-pipewire
[373/990] Running AUTOMOC file extraction for target quickshell-hyprland-global-shortcuts
[374/990] Running moc --collect-json for target quickshell-service-pam
[375/990] Running moc --collect-json for target quickshell-hyprland-global-shortcuts
[376/990] Generating .qsb/shaders/cliprect.frag.qsb
spirv-opt -O /tmp/qsb-wDgrah/qsb_spv_temp -o /tmp/qsb-wDgrah/qsb_spv_temp_out
[377/990] Running rcc for resource qmake_Quickshell_Io
[378/990] Running moc --collect-json for target quickshell-service-greetd
[379/990] Running rcc for resource quickshell-io_raw_qml_0
[380/990] Running rcc for resource qmake_Quickshell_Widgets
[381/990] Automatic QML type registration for target quickshell-io
Warning: process.hpp:34: PostReloadHook is used as base type but cannot be found.
Warning: socket.hpp:95: Reloadable is used as base type but cannot be found.
Warning: ipchandler.hpp:157: PostReloadHook is used as base type but cannot be found.
[382/990] Generating .qsb/shaders/cliprect-ub.frag.qsb
spirv-opt -O /tmp/qsb-UaFXLO/qsb_spv_temp -o /tmp/qsb-UaFXLO/qsb_spv_temp_out
[383/990] Generating .rcc/qmlcache/quickshell-io_qmlcache_loader.cpp
[384/990] Generating .rcc/qmlcache/quickshell-widgets_qmlcache_loader.cpp
[385/990] Automatic MOC for target quickshell-hyprland-surface-extensions
[386/990] Running AUTOMOC file extraction for target quickshell-hyprland-surface-extensions
[387/990] Running moc --collect-json for target quickshell-hyprland-surface-extensions
[388/990] Generating .rcc/qmlcache/quickshell-widgets_WrapperItem_qml.cpp, .rcc/qmlcache/quickshell-widgets_WrapperItem_qml.cpp.aotstats
[389/990] Generating .rcc/qmlcache/quickshell-widgets_WrapperRectangle_qml.cpp, .rcc/qmlcache/quickshell-widgets_WrapperRectangle_qml.cpp.aotstats
[390/990] Generating .rcc/qmlcache/quickshell-widgets_WrapperMouseArea_qml.cpp, .rcc/qmlcache/quickshell-widgets_WrapperMouseArea_qml.cpp.aotstats
[391/990] Running rcc for resource widgets-cliprect
[392/990] Generating .rcc/qmlcache/quickshell-widgets_IconImage_qml.cpp, .rcc/qmlcache/quickshell-widgets_IconImage_qml.cpp.aotstats
[393/990] Generating .rcc/qmlcache/quickshell-widgets_ClippingRectangle_qml.cpp, .rcc/qmlcache/quickshell-widgets_ClippingRectangle_qml.cpp.aotstats
[394/990] Running rcc for resource widgets-cliprect-ub
[395/990] Generating .rcc/qmlcache/quickshell-io_FileView_qml.cpp, .rcc/qmlcache/quickshell-io_FileView_qml.cpp.aotstats
[396/990] Running rcc for resource qmake_Quickshell_Hyprland__GlobalShortcuts
[397/990] Generating .rcc/qmlcache/quickshell-widgets_ClippingWrapperRectangle_qml.cpp, .rcc/qmlcache/quickshell-widgets_ClippingWrapperRectangle_qml.cpp.aotstats
[398/990] Running rcc for resource quickshell-widgets_raw_qml_0
[399/990] Running rcc for resource qmake_Quickshell_Hyprland__SurfaceExtensions
[400/990] Running rcc for resource qmake_Quickshell_Services_Pipewire
[401/990] Running rcc for resource qmake_Quickshell_Services_Pam
[402/990] Running rcc for resource qmake_Quickshell_Services_Greetd
[403/990] Automatic QML type registration for target quickshell-hyprland-surface-extensions
[404/990] Automatic QML type registration for target quickshell-hyprland-global-shortcuts
Warning: qml.hpp:35: PostReloadHook is used as base type but cannot be found.
[405/990] Automatic QML type registration for target quickshell-service-pipewire
[406/990] Automatic QML type registration for target quickshell-service-greetd
[407/990] Generating .rcc/qmlcache/quickshell-widgets_ClippingWrapperRectangleInternal_qml.cpp, .rcc/qmlcache/quickshell-widgets_ClippingWrapperRectangleInternal_qml.cpp.aotstats
[408/990] Automatic QML type registration for target quickshell-service-pam
[409/990] Building CXX object src/io/CMakeFiles/quickshell-ioplugin_init.dir/quickshell_ioplugin_init.cpp.o
[410/990] Building CXX object src/wayland/hyprland/global_shortcuts/CMakeFiles/quickshell-hyprland-global-shortcutsplugin_init.dir/quickshell_hyprland_global_shortcutsplugin_init.cpp.o
[411/990] Building CXX object src/wayland/hyprland/surface/CMakeFiles/quickshell-hyprland-surface-extensionsplugin_init.dir/quickshell_hyprland_surface_extensionsplugin_init.cpp.o
[412/990] Building CXX object src/wayland/toplevel_management/CMakeFiles/quickshell-wayland-toplevel-managementplugin_init.dir/quickshell_wayland_toplevel_managementplugin_init.cpp.o
[413/990] Building CXX object src/widgets/CMakeFiles/quickshell-widgetsplugin_init.dir/quickshell_widgetsplugin_init.cpp.o
[414/990] Building CXX object src/io/CMakeFiles/quickshell-io.dir/.qt/rcc/qrc_qmake_Quickshell_Io.cpp.o
[415/990] Building CXX object src/ui/CMakeFiles/quickshell-uiplugin_init.dir/quickshell_uiplugin_init.cpp.o
[416/990] Building CXX object src/dbus/dbusmenu/CMakeFiles/quickshell-dbusmenuplugin_init.dir/quickshell_dbusmenuplugin_init.cpp.o
[417/990] Building CXX object src/wayland/hyprland/focus_grab/CMakeFiles/quickshell-hyprland-focus-grabplugin_init.dir/quickshell_hyprland_focus_grabplugin_init.cpp.o
[418/990] Building CXX object src/wayland/hyprland/ipc/CMakeFiles/quickshell-hyprland-ipcplugin_init.dir/quickshell_hyprland_ipcplugin_init.cpp.o
[419/990] Building CXX object src/ipc/CMakeFiles/quickshell-ipc.dir/quickshell-ipc_autogen/mocs_compilation.cpp.o
[420/990] Building CXX object src/io/CMakeFiles/quickshell-io.dir/.qt/rcc/qrc_quickshell-io_raw_qml_0.cpp.o
[421/990] Building CXX object src/x11/CMakeFiles/quickshell-x11plugin_init.dir/quickshell_x11plugin_init.cpp.o
[422/990] Building CXX object src/core/CMakeFiles/quickshell-coreplugin_init.dir/quickshell_coreplugin_init.cpp.o
[423/990] Building CXX object src/wayland/screencopy/CMakeFiles/quickshell-wayland-screencopyplugin_init.dir/quickshell_wayland_screencopyplugin_init.cpp.o
[424/990] Building CXX object src/window/CMakeFiles/quickshell-windowplugin_init.dir/quickshell_windowplugin_init.cpp.o
[425/990] Building CXX object src/widgets/CMakeFiles/quickshell-widgets.dir/.qt/rcc/qrc_qmake_Quickshell_Widgets.cpp.o
[426/990] Building CXX object src/wayland/CMakeFiles/quickshell-waylandplugin_init.dir/quickshell_waylandplugin_init.cpp.o
[427/990] Building CXX object src/wayland/wlr_layershell/CMakeFiles/quickshell-wayland-layershellplugin_init.dir/quickshell_wayland_layershellplugin_init.cpp.o
[428/990] Building CXX object src/x11/i3/ipc/CMakeFiles/quickshell-i3-ipcplugin_init.dir/quickshell_i3_ipcplugin_init.cpp.o
[429/990] Building CXX object CMakeFiles/qs-pchset-large.dir/cmake_pch.hxx.gch
[430/990] Building CXX object src/debug/CMakeFiles/quickshell-debug.dir/lint.cpp.o
[431/990] Building CXX object src/io/CMakeFiles/quickshell-io.dir/datastream.cpp.o
[432/990] Building CXX object src/launch/CMakeFiles/qs-pchset-launch.dir/__/__/pchstub.cpp.o
[433/990] Building CXX object src/io/CMakeFiles/quickshell-io.dir/processcore.cpp.o
[434/990] Building CXX object src/widgets/CMakeFiles/quickshell-widgets.dir/.qt/rcc/qrc_quickshell-widgets_raw_qml_0.cpp.o
[435/990] Building CXX object src/widgets/CMakeFiles/quickshell-widgets.dir/.qt/rcc/qrc_widgets-cliprect.cpp.o
[436/990] Linking CXX static library src/launch/libqs-pchset-launch.a
[437/990] Building CXX object src/widgets/CMakeFiles/quickshell-widgets.dir/.qt/rcc/qrc_widgets-cliprect-ub.cpp.o
[438/990] Building CXX object src/widgets/CMakeFiles/quickshell-widgets.dir/cliprect.cpp.o
[439/990] Automatic MOC for target quickshell-launch
[440/990] Building CXX object src/io/CMakeFiles/quickshell-io.dir/.rcc/qmlcache/quickshell-io_FileView_qml.cpp.o
[441/990] Building CXX object src/io/CMakeFiles/quickshell-io.dir/ipc.cpp.o
[442/990] Building CXX object src/ipc/CMakeFiles/quickshell-ipc.dir/ipc.cpp.o
[443/990] Building CXX object src/wayland/hyprland/global_shortcuts/CMakeFiles/quickshell-hyprland-global-shortcuts.dir/.qt/rcc/qrc_qmake_Quickshell_Hyprland__GlobalShortcuts.cpp.o
[444/990] Building CXX object src/widgets/CMakeFiles/quickshell-widgets.dir/.rcc/qmlcache/quickshell-widgets_ClippingRectangle_qml.cpp.o
[445/990] Building CXX object src/x11/i3/CMakeFiles/quickshell-i3.dir/quickshell-i3_qmltyperegistrations.cpp.o
cc1plus: warning: /home/pridxd/.cache/yay/quickshell/src/quickshell/build/CMakeFiles/qs-pchset-common.dir/cmake_pch.hxx.gch: not used because ‘QT_GUI_LIB’ not defined [-Winvalid-pch]
cc1plus: note: unrecognized command-line option ‘-Wno-vla-cxx-extension’ may have been intended to silence earlier diagnostics
[446/990] Building CXX object src/widgets/CMakeFiles/quickshell-widgets.dir/.rcc/qmlcache/quickshell-widgets_WrapperItem_qml.cpp.o
[447/990] Building CXX object src/widgets/CMakeFiles/quickshell-widgets.dir/.rcc/qmlcache/quickshell-widgets_WrapperMouseArea_qml.cpp.o
[448/990] Building CXX object src/io/CMakeFiles/quickshell-io.dir/.rcc/qmlcache/quickshell-io_qmlcache_loader.cpp.o
[449/990] Building CXX object CMakeFiles/qs-pchset-large.dir/pchstub.cpp.o
[450/990] Building CXX object src/widgets/CMakeFiles/quickshell-widgets.dir/.rcc/qmlcache/quickshell-widgets_WrapperRectangle_qml.cpp.o
[451/990] Building CXX object src/wayland/hyprland/surface/CMakeFiles/quickshell-hyprland-surface-extensions.dir/.qt/rcc/qrc_qmake_Quickshell_Hyprland__SurfaceExtensions.cpp.o
[452/990] Linking CXX static library libqs-pchset-large.a
[453/990] Building CXX object src/widgets/CMakeFiles/quickshell-widgets.dir/.rcc/qmlcache/quickshell-widgets_IconImage_qml.cpp.o
[454/990] Building CXX object src/io/CMakeFiles/quickshell-io.dir/socket.cpp.o
[455/990] Building CXX object src/widgets/CMakeFiles/quickshell-widgets.dir/wrapper.cpp.o
[456/990] Building CXX object src/widgets/CMakeFiles/quickshell-widgets.dir/.rcc/qmlcache/quickshell-widgets_qmlcache_loader.cpp.o
[457/990] Automatic MOC for target quickshell-wayland-screencopy-icc
[458/990] Building CXX object src/io/CMakeFiles/quickshell-io.dir/jsonadapter.cpp.o
[459/990] Running AUTOMOC file extraction for target quickshell-wayland-screencopy-icc
[460/990] Building CXX object src/widgets/CMakeFiles/quickshell-widgets.dir/.rcc/qmlcache/quickshell-widgets_ClippingWrapperRectangleInternal_qml.cpp.o
[461/990] Building CXX object src/io/CMakeFiles/quickshell-io.dir/process.cpp.o
[462/990] Running moc --collect-json for target quickshell-wayland-screencopy-icc
[463/990] Building CXX object src/io/CMakeFiles/quickshell-io.dir/fileview.cpp.o
[464/990] Automatic MOC for target quickshell-wayland-screencopy-wlr
[465/990] Running AUTOMOC file extraction for target quickshell-wayland-screencopy-wlr
[466/990] Automatic MOC for target quickshell-wayland-screencopy-hyprland
[467/990] Running AUTOMOC file extraction for target quickshell-wayland-screencopy-hyprland
[468/990] Running moc --collect-json for target quickshell-wayland-screencopy-wlr
[469/990] Running moc --collect-json for target quickshell-wayland-screencopy-hyprland
[470/990] Building CXX object src/widgets/CMakeFiles/quickshell-widgets.dir/marginwrapper.cpp.o
[471/990] Building CXX object src/widgets/CMakeFiles/quickshell-widgets.dir/quickshell-widgets_autogen/mocs_compilation.cpp.o
[472/990] Building CXX object src/wayland/hyprland/global_shortcuts/CMakeFiles/quickshell-hyprland-global-shortcuts.dir/manager.cpp.o
[473/990] Building CXX object src/widgets/CMakeFiles/quickshell-widgets.dir/quickshell-widgets_qmltyperegistrations.cpp.o
[474/990] Building CXX object src/widgets/CMakeFiles/quickshell-widgets.dir/.rcc/qmlcache/quickshell-widgets_ClippingWrapperRectangle_qml.cpp.o
[475/990] Automatic MOC for target quickshell-wayland-sessionlock
[476/990] Running AUTOMOC file extraction for target quickshell-wayland-sessionlock
[477/990] Running moc --collect-json for target quickshell-wayland-sessionlock
[478/990] Building CXX object src/wayland/hyprland/global_shortcuts/CMakeFiles/quickshell-hyprland-global-shortcuts.dir/shortcut.cpp.o
[479/990] Automatic MOC for target quickshell-wayland-buffer
[480/990] Running AUTOMOC file extraction for target quickshell-wayland-buffer
[481/990] Running moc --collect-json for target quickshell-wayland-buffer
[482/990] Automatic MOC for target quickshell-wayland-layershell
[483/990] Running AUTOMOC file extraction for target quickshell-wayland-layershell
[484/990] Building CXX object src/wayland/hyprland/global_shortcuts/CMakeFiles/quickshell-hyprland-global-shortcuts.dir/qml.cpp.o
[485/990] Running rcc for resource qmake_Quickshell_Wayland__WlrLayerShell
[486/990] Running moc --collect-json for target quickshell-wayland-layershell
[487/990] Automatic MOC for target quickshell-ui
[488/990] Automatic QML type registration for target quickshell-wayland-layershell
Warning: wlr_layershell.hpp:97: ProxyWindowBase is used as base type but cannot be found.
[489/990] Building CXX object src/wayland/hyprland/global_shortcuts/CMakeFiles/quickshell-hyprland-global-shortcuts.dir/quickshell-hyprland-global-shortcuts_autogen/mocs_compilation.cpp.o
[490/990] Building CXX object src/wayland/screencopy/wlr_screencopy/CMakeFiles/quickshell-wayland-screencopy-wlr.dir/quickshell-wayland-screencopy-wlr_autogen/mocs_compilation.cpp.o
[491/990] Building CXX object src/wayland/hyprland/global_shortcuts/CMakeFiles/quickshell-hyprland-global-shortcuts.dir/quickshell-hyprland-global-shortcuts_qmltyperegistrations.cpp.o
[492/990] Building CXX object src/dbus/CMakeFiles/qs-pchset-dbus.dir/cmake_pch.hxx.gch
[493/990] Building CXX object src/wayland/screencopy/hyprland_screencopy/CMakeFiles/quickshell-wayland-screencopy-hyprland.dir/quickshell-wayland-screencopy-hyprland_autogen/mocs_compilation.cpp.o
[494/990] Building CXX object src/wayland/wlr_layershell/CMakeFiles/quickshell-wayland-layershell.dir/.qt/rcc/qrc_qmake_Quickshell_Wayland__WlrLayerShell.cpp.o
[495/990] Building CXX object src/wayland/screencopy/image_copy_capture/CMakeFiles/quickshell-wayland-screencopy-icc.dir/quickshell-wayland-screencopy-icc_autogen/mocs_compilation.cpp.o
[496/990] Building CXX object src/io/CMakeFiles/quickshell-io.dir/quickshell-io_autogen/mocs_compilation.cpp.o
[497/990] Building CXX object src/wayland/hyprland/surface/CMakeFiles/quickshell-hyprland-surface-extensions.dir/manager.cpp.o
[498/990] Automatic MOC for target quickshell-window
[499/990] Automatic MOC for target quickshell-wayland-toplevel-management
[500/990] Automatic MOC for target quickshell-hyprland-ipc
[501/990] Running AUTOMOC file extraction for target quickshell-ui
[502/990] Building CXX object src/io/CMakeFiles/quickshell-io.dir/quickshell-io_qmltyperegistrations.cpp.o
[503/990] Automatic MOC for target quickshell-core
[504/990] Building CXX object src/io/CMakeFiles/quickshell-io.dir/ipchandler.cpp.o
[505/990] Building CXX object src/services/pipewire/CMakeFiles/quickshell-service-pipewire.dir/qml.cpp.o
[506/990] Running AUTOMOC file extraction for target quickshell-window
[507/990] Running AUTOMOC file extraction for target quickshell-core
[508/990] Building CXX object src/wayland/hyprland/surface/CMakeFiles/quickshell-hyprland-surface-extensions.dir/surface.cpp.o
[509/990] Running AUTOMOC file extraction for target quickshell-wayland-toplevel-management
[510/990] Building CXX object src/wayland/session_lock/CMakeFiles/quickshell-wayland-sessionlock.dir/manager.cpp.o
[511/990] Running AUTOMOC file extraction for target quickshell-hyprland-ipc
[512/990] Running moc --collect-json for target quickshell-ui
[513/990] Running moc --collect-json for target quickshell-core
[514/990] Running moc --collect-json for target quickshell-window
[515/990] Running moc --collect-json for target quickshell-wayland-toplevel-management
[516/990] Running moc --collect-json for target quickshell-hyprland-ipc
[517/990] Running rcc for resource qmake_Quickshell
[518/990] Running rcc for resource qmake_Quickshell__Window
[519/990] Building CXX object src/wayland/session_lock/CMakeFiles/quickshell-wayland-sessionlock.dir/quickshell-wayland-sessionlock_autogen/mocs_compilation.cpp.o
[520/990] Running rcc for resource qmake_Quickshell__InternalUi
[521/990] Running rcc for resource quickshell-ui_raw_qml_0
[522/990] Generating .rcc/qmlcache/quickshell-ui_qmlcache_loader.cpp
[523/990] Automatic QML type registration for target quickshell-ui
[524/990] Running rcc for resource qmake_Quickshell_Wayland__ToplevelManagement
[525/990] Automatic QML type registration for target quickshell-window
Warning: windowinterface.hpp:48: Reloadable is used as base type but cannot be found.
Warning: proxywindow.hpp:36: Reloadable is used as base type but cannot be found.
[526/990] Building CXX object src/io/CMakeFiles/quickshell-io.dir/ipccomm.cpp.o
[527/990] Automatic QML type registration for target quickshell-core
Warning: objectrepeater.hpp:18: ObjectModel<QObject> is used as base type but cannot be found.
[528/990] Running rcc for resource qmake_Quickshell_Hyprland__Ipc
[529/990] Building CXX object src/wayland/screencopy/image_copy_capture/CMakeFiles/quickshell-wayland-screencopy-icc.dir/image_copy_capture.cpp.o
[530/990] Automatic QML type registration for target quickshell-wayland-toplevel-management
[531/990] Building CXX object src/wayland/screencopy/hyprland_screencopy/CMakeFiles/quickshell-wayland-screencopy-hyprland.dir/hyprland_screencopy.cpp.o
[532/990] Building CXX object src/wayland/session_lock/CMakeFiles/quickshell-wayland-sessionlock.dir/lock.cpp.o
[533/990] Automatic QML type registration for target quickshell-hyprland-ipc
[534/990] Generating .rcc/qmlcache/quickshell-ui_Tooltip_qml.cpp, .rcc/qmlcache/quickshell-ui_Tooltip_qml.cpp.aotstats
[535/990] Linking CXX static library src/wayland/screencopy/image_copy_capture/libquickshell-wayland-screencopy-icc.a
[536/990] Generating .rcc/qmlcache/quickshell-ui_ReloadPopup_qml.cpp, .rcc/qmlcache/quickshell-ui_ReloadPopup_qml.cpp.aotstats
[537/990] Linking CXX static library src/wayland/screencopy/hyprland_screencopy/libquickshell-wayland-screencopy-hyprland.a
[538/990] Building CXX object src/wayland/screencopy/wlr_screencopy/CMakeFiles/quickshell-wayland-screencopy-wlr.dir/wlr_screencopy.cpp.o
[539/990] Linking CXX static library src/wayland/screencopy/wlr_screencopy/libquickshell-wayland-screencopy-wlr.a
[540/990] Building CXX object src/wayland/wlr_layershell/CMakeFiles/quickshell-wayland-layershell.dir/quickshell-wayland-layershell_autogen/mocs_compilation.cpp.o
[541/990] Building CXX object src/wayland/session_lock/CMakeFiles/quickshell-wayland-sessionlock.dir/shell_integration.cpp.o
[542/990] Building CXX object src/wayland/session_lock/CMakeFiles/quickshell-wayland-sessionlock.dir/surface.cpp.o
[543/990] Automatic MOC for target quickshell-hyprland-focus-grab
[544/990] Automatic MOC for target quickshell-x11
[545/990] Running AUTOMOC file extraction for target quickshell-hyprland-focus-grab
[546/990] Running AUTOMOC file extraction for target quickshell-x11
[547/990] Running moc --collect-json for target quickshell-hyprland-focus-grab
[548/990] Running moc --collect-json for target quickshell-x11
[549/990] Running rcc for resource qmake_Quickshell_Hyprland__FocusGrab
[550/990] Automatic QML type registration for target quickshell-hyprland-focus-grab
[551/990] Running rcc for resource qmake_Quickshell_X11
[552/990] Automatic QML type registration for target quickshell-x11
Warning: panel_window.hpp:32: ProxyWindowBase is used as base type but cannot be found.
[553/990] Automatic MOC for target quickshell-i3-ipc
[554/990] Running AUTOMOC file extraction for target quickshell-i3-ipc
[555/990] Running moc --collect-json for target quickshell-i3-ipc
[556/990] Building CXX object src/dbus/CMakeFiles/qs-pchset-dbus.dir/__/__/pchstub.cpp.o
[557/990] Automatic QML type registration for target quickshell-i3-ipc
[558/990] Running rcc for resource qmake_Quickshell_I3__Ipc
[559/990] Linking CXX static library src/dbus/libqs-pchset-dbus.a
[560/990] Building CXX object src/wayland/hyprland/surface/CMakeFiles/quickshell-hyprland-surface-extensions.dir/quickshell-hyprland-surface-extensions_qmltyperegistrations.cpp.o
[561/990] Building CXX object src/wayland/wlr_layershell/CMakeFiles/quickshell-wayland-layershell.dir/quickshell-wayland-layershell_qmltyperegistrations.cpp.o
[562/990] Building CXX object src/wayland/buffer/CMakeFiles/quickshell-wayland-buffer.dir/quickshell-wayland-buffer_autogen/mocs_compilation.cpp.o
[563/990] Building CXX object src/wayland/hyprland/surface/CMakeFiles/quickshell-hyprland-surface-extensions.dir/qml.cpp.o
[564/990] Building CXX object src/wayland/hyprland/surface/CMakeFiles/quickshell-hyprland-surface-extensions.dir/quickshell-hyprland-surface-extensions_autogen/mocs_compilation.cpp.o
[565/990] Building CXX object src/core/CMakeFiles/quickshell-core.dir/shell.cpp.o
[566/990] Building CXX object src/wayland/wlr_layershell/CMakeFiles/quickshell-wayland-layershell.dir/shell_integration.cpp.o
[567/990] Building CXX object src/wayland/wlr_layershell/CMakeFiles/quickshell-wayland-layershell.dir/wlr_layershell.cpp.o
/home/pridxd/.cache/yay/quickshell/src/quickshell/src/wayland/wlr_layershell/wlr_layershell.cpp: In lambda function:
/home/pridxd/.cache/yay/quickshell/src/quickshell/src/wayland/wlr_layershell/wlr_layershell.cpp:34:9: warning: control reaches end of non-void function [-Wreturn-type]
   34 |         });
      |         ^
At top level:
cc1plus: note: unrecognized command-line option ‘-Wno-vla-cxx-extension’ may have been intended to silence earlier diagnostics
[568/990] Building CXX object src/wayland/wlr_layershell/CMakeFiles/quickshell-wayland-layershell.dir/surface.cpp.o
[569/990] Linking CXX static library src/wayland/wlr_layershell/libquickshell-wayland-layershell.a
[570/990] Building CXX object src/wayland/buffer/CMakeFiles/quickshell-wayland-buffer.dir/shm.cpp.o
[571/990] Building CXX object src/wayland/buffer/CMakeFiles/quickshell-wayland-buffer.dir/manager.cpp.o
[572/990] Automatic MOC for target quickshell-dbus
[573/990] Generating dbus_properties.cpp, dbus_properties.h
[574/990] Generating dbus_objectmanager.cpp, dbus_objectmanager.h
[575/990] Building CXX object src/wayland/session_lock/CMakeFiles/quickshell-wayland-sessionlock.dir/session_lock.cpp.o
[576/990] Building CXX object src/core/CMakeFiles/quickshell-core.dir/region.cpp.o
[577/990] Linking CXX static library src/wayland/session_lock/libquickshell-wayland-sessionlock.a
[578/990] Building CXX object src/core/CMakeFiles/quickshell-core.dir/persistentprops.cpp.o
[579/990] Automatic MOC for target quickshell-service-mpris
[580/990] Running AUTOMOC file extraction for target quickshell-service-mpris
[581/990] Generating dbus_player.cpp, dbus_player.h
[582/990] Automatic MOC for target quickshell-service-upower
[583/990] Running AUTOMOC file extraction for target quickshell-service-upower
[584/990] Generating dbus_player_app.cpp, dbus_player_app.h
[585/990] Generating dbus_service.cpp, dbus_service.h
[586/990] Running moc --collect-json for target quickshell-service-mpris
[587/990] Generating dbus_device.cpp, dbus_device.h
[588/990] Generating moc_dbus_player.cpp
[589/990] Generating moc_dbus_player_app.cpp
[590/990] Running moc --collect-json for target quickshell-service-upower
[591/990] Running rcc for resource qmake_Quickshell_Services_Mpris
[592/990] Generating moc_dbus_service.cpp
[593/990] Generating moc_dbus_device.cpp
[594/990] Building CXX object src/core/CMakeFiles/quickshell-core.dir/qmlscreen.cpp.o
[595/990] Building CXX object src/core/CMakeFiles/quickshell-core.dir/plugin.cpp.o
[596/990] Building CXX object src/services/pipewire/CMakeFiles/quickshell-service-pipewire.dir/quickshell-service-pipewire_autogen/mocs_compilation.cpp.o
[597/990] Running rcc for resource qmake_Quickshell_Services_UPower
[598/990] Building CXX object src/core/CMakeFiles/quickshell-core.dir/reload.cpp.o
[599/990] Automatic QML type registration for target quickshell-service-mpris
[600/990] Automatic QML type registration for target quickshell-service-upower
[601/990] Building CXX object src/core/CMakeFiles/quickshell-core.dir/variants.cpp.o
[602/990] Automatic MOC for target quickshell-bluetooth
[603/990] Running AUTOMOC file extraction for target quickshell-bluetooth
[604/990] Generating dbus_adapter.cpp, dbus_adapter.h
[605/990] Generating dbus_device.cpp, dbus_device.h
[606/990] Automatic MOC for target quickshell-service-statusnotifier
[607/990] Running moc --collect-json for target quickshell-bluetooth
[608/990] Running AUTOMOC file extraction for target quickshell-service-statusnotifier
[609/990] Generating dbus_watcher.cpp, dbus_watcher.h
[610/990] Generating dbus_item.cpp, dbus_item.h
[611/990] Generating dbus_watcher_interface.cpp, dbus_watcher_interface.h
[612/990] Generating moc_dbus_watcher.cpp
[613/990] Generating moc_dbus_item.cpp
[614/990] Running moc --collect-json for target quickshell-service-statusnotifier
[615/990] Generating moc_dbus_watcher_interface.cpp
[616/990] Building CXX object src/core/CMakeFiles/quickshell-core.dir/incubator.cpp.o
[617/990] Running rcc for resource qmake_Quickshell_Services_SystemTray
[618/990] Automatic MOC for target quickshell-service-notifications
[619/990] Building CXX object src/core/CMakeFiles/quickshell-core.dir/rootwrapper.cpp.o
[620/990] Generating moc_dbus_adapter.cpp
[621/990] Generating moc_dbus_device.cpp
[622/990] Running AUTOMOC file extraction for target quickshell-service-notifications
[623/990] Running rcc for resource qmake_Quickshell_Services_Notifications
[624/990] Building CXX object src/core/CMakeFiles/quickshell-core.dir/singleton.cpp.o
[625/990] Generating dbus_notifications.cpp, dbus_notifications.h
[626/990] Running rcc for resource qmake_Quickshell_Bluetooth
[627/990] Generating moc_dbus_notifications.cpp
[628/990] Running moc --collect-json for target quickshell-service-notifications
[629/990] Automatic MOC for target quickshell-wayland-layershellplugin
[630/990] Automatic QML type registration for target quickshell-service-statusnotifier
[631/990] Automatic QML type registration for target quickshell-bluetooth
[632/990] Building CXX object src/wayland/wlr_layershell/CMakeFiles/quickshell-wayland-layershellplugin.dir/quickshell-wayland-layershellplugin_autogen/mocs_compilation.cpp.o
[633/990] Automatic QML type registration for target quickshell-service-notifications
Warning: qml.hpp:24: PostReloadHook is used as base type but cannot be found.
[634/990] Building CXX object src/core/CMakeFiles/quickshell-core.dir/lazyloader.cpp.o
[635/990] Building CXX object src/wayland/buffer/CMakeFiles/quickshell-wayland-buffer.dir/dmabuf.cpp.o
[636/990] Linking CXX static library src/wayland/buffer/libquickshell-wayland-buffer.a
[637/990] Building CXX object src/core/CMakeFiles/quickshell-core.dir/easingcurve.cpp.o
[638/990] Building CXX object src/core/CMakeFiles/quickshell-core.dir/qmlglobal.cpp.o
[639/990] Building CXX object src/core/CMakeFiles/quickshell-core.dir/qsintercept.cpp.o
[640/990] Building CXX object src/core/CMakeFiles/quickshell-core.dir/scan.cpp.o
[641/990] Building CXX object src/core/CMakeFiles/quickshell-core.dir/imageprovider.cpp.o
[642/990] Building CXX object src/core/CMakeFiles/quickshell-core.dir/.qt/rcc/qrc_qmake_Quickshell.cpp.o
[643/990] Building CXX object src/core/CMakeFiles/quickshell-core.dir/generation.cpp.o
[644/990] Building CXX object src/core/CMakeFiles/quickshell-core.dir/iconimageprovider.cpp.o
[645/990] Automatic MOC for target quickshell-dbusmenu
[646/990] Running AUTOMOC file extraction for target quickshell-dbusmenu
[647/990] Generating dbus_menu.cpp, dbus_menu.h
[648/990] Running moc --collect-json for target quickshell-dbusmenu
[649/990] Generating moc_dbus_menu.cpp
[650/990] Building CXX object src/core/CMakeFiles/quickshell-core.dir/elapsedtimer.cpp.o
[651/990] Running rcc for resource qmake_Quickshell_DBusMenu
[652/990] Building CXX object src/core/CMakeFiles/quickshell-core.dir/transformwatcher.cpp.o
[653/990] Automatic QML type registration for target quickshell-dbusmenu
Warning: dbusmenu.hpp:48: QsMenuEntry is used as base type but cannot be found.
[654/990] Automatic MOC for target quickshell-wayland-screencopy
[655/990] Running AUTOMOC file extraction for target quickshell-wayland-screencopy
[656/990] Running moc --collect-json for target quickshell-wayland-screencopy
[657/990] Building CXX object src/core/CMakeFiles/quickshell-core.dir/types.cpp.o
[658/990] Running rcc for resource qmake_Quickshell_Wayland__Screencopy
[659/990] Automatic QML type registration for target quickshell-wayland-screencopy
[660/990] Building CXX object src/core/CMakeFiles/quickshell-core.dir/qsmenu.cpp.o
[661/990] Building CXX object src/window/CMakeFiles/quickshell-window.dir/.qt/rcc/qrc_qmake_Quickshell__Window.cpp.o
[662/990] Building CXX object src/core/CMakeFiles/quickshell-core.dir/boundcomponent.cpp.o
[663/990] Building CXX object src/core/CMakeFiles/quickshell-core.dir/model.cpp.o
[664/990] Building CXX object src/ui/CMakeFiles/quickshell-ui.dir/.qt/rcc/qrc_qmake_Quickshell__InternalUi.cpp.o
[665/990] Building CXX object src/core/CMakeFiles/quickshell-core.dir/instanceinfo.cpp.o
[666/990] Building CXX object src/wayland/wlr_layershell/CMakeFiles/quickshell-wayland-layershellplugin.dir/quickshell-wayland-layershellplugin_Quickshell_Wayland__WlrLayerShellPlugin.cpp.o
[667/990] Building CXX object src/core/CMakeFiles/quickshell-core.dir/clock.cpp.o
[668/990] Building CXX object src/ui/CMakeFiles/quickshell-ui.dir/.qt/rcc/qrc_quickshell-ui_raw_qml_0.cpp.o
[669/990] Linking CXX static library qml_modules/Quickshell/Wayland/_WlrLayerShell/libquickshell-wayland-layershellplugin.a
[670/990] Building CXX object src/core/CMakeFiles/quickshell-core.dir/retainable.cpp.o
[671/990] Building CXX object src/core/CMakeFiles/quickshell-core.dir/common.cpp.o
[672/990] Running AUTOMOC file extraction for target quickshell-dbus
[673/990] Building CXX object src/core/CMakeFiles/quickshell-core.dir/popupanchor.cpp.o
[674/990] Automatic MOC for target quickshell-crash
[675/990] Building CXX object src/core/CMakeFiles/quickshell-core.dir/qsmenuanchor.cpp.o
[676/990] Building CXX object src/core/CMakeFiles/quickshell-core.dir/objectrepeater.cpp.o
[677/990] Building CXX object src/core/CMakeFiles/quickshell-core.dir/iconprovider.cpp.o
[678/990] Building CXX object src/core/CMakeFiles/quickshell-core.dir/platformmenu.cpp.o
[679/990] Building CXX object src/core/CMakeFiles/quickshell-core.dir/scriptmodel.cpp.o
[680/990] Building CXX object src/dbus/dbusmenu/CMakeFiles/quickshell-dbusmenu.dir/.qt/rcc/qrc_qmake_Quickshell_DBusMenu.cpp.o
[681/990] Building CXX object src/core/CMakeFiles/quickshell-core.dir/paths.cpp.o
[682/990] Building CXX object src/window/CMakeFiles/quickshell-window.dir/panelinterface.cpp.o
[683/990] Automatic MOC for target quickshell-wayland
[684/990] Running AUTOMOC file extraction for target quickshell-wayland
[685/990] Running moc --collect-json for target quickshell-wayland
[686/990] Building CXX object src/window/CMakeFiles/quickshell-window.dir/windowinterface.cpp.o
[687/990] Running rcc for resource qmake_Quickshell_Wayland
[688/990] Automatic QML type registration for target quickshell-wayland
Warning: session_lock.hpp:56: Reloadable is used as base type but cannot be found.
Warning: session_lock.hpp:110: Reloadable is used as base type but cannot be found.
[689/990] Building CXX object src/core/CMakeFiles/quickshell-core.dir/desktopentry.cpp.o
[690/990] Building CXX object src/core/CMakeFiles/quickshell-core.dir/colorquantizer.cpp.o
[691/990] Building CXX object src/window/CMakeFiles/quickshell-window.dir/floatingwindow.cpp.o
[692/990] Building CXX object src/window/CMakeFiles/quickshell-window.dir/popupwindow.cpp.o
[693/990] Building CXX object src/ui/CMakeFiles/quickshell-ui.dir/.rcc/qmlcache/quickshell-ui_Tooltip_qml.cpp.o
[694/990] Building CXX object src/core/CMakeFiles/quickshell-core.dir/toolsupport.cpp.o
[695/990] Building CXX object src/ui/CMakeFiles/quickshell-ui.dir/.rcc/qmlcache/quickshell-ui_qmlcache_loader.cpp.o
[696/990] Building CXX object src/core/CMakeFiles/quickshell-core.dir/logging.cpp.o
[697/990] Building CXX object src/wayland/CMakeFiles/quickshell-wayland.dir/.qt/rcc/qrc_qmake_Quickshell_Wayland.cpp.o
[698/990] Building CXX object src/ui/CMakeFiles/quickshell-ui.dir/.rcc/qmlcache/quickshell-ui_ReloadPopup_qml.cpp.o
[699/990] Building CXX object src/wayland/toplevel_management/CMakeFiles/quickshell-wayland-toplevel-management.dir/.qt/rcc/qrc_qmake_Quickshell_Wayland__ToplevelManagement.cpp.o
[700/990] Building CXX object src/ui/CMakeFiles/quickshell-ui.dir/quickshell-ui_autogen/mocs_compilation.cpp.o
[701/990] Building CXX object src/ui/CMakeFiles/quickshell-ui.dir/reload_popup.cpp.o
[702/990] Building CXX object src/ui/CMakeFiles/quickshell-ui.dir/quickshell-ui_qmltyperegistrations.cpp.o
[703/990] Building CXX object src/wayland/screencopy/CMakeFiles/quickshell-wayland-screencopy.dir/.qt/rcc/qrc_qmake_Quickshell_Wayland__Screencopy.cpp.o
[704/990] Building CXX object src/window/CMakeFiles/quickshell-window.dir/quickshell-window_autogen/mocs_compilation.cpp.o
[705/990] Building CXX object src/window/CMakeFiles/quickshell-window.dir/quickshell-window_qmltyperegistrations.cpp.o
[706/990] Building CXX object src/wayland/toplevel_management/CMakeFiles/quickshell-wayland-toplevel-management.dir/manager.cpp.o
[707/990] Building CXX object src/dbus/dbusmenu/CMakeFiles/quickshell-dbusmenu.dir/__/dbus_properties.cpp.o
[708/990] Building CXX object src/wayland/CMakeFiles/quickshell-wayland.dir/util.cpp.o
[709/990] Building CXX object src/wayland/toplevel_management/CMakeFiles/quickshell-wayland-toplevel-management.dir/quickshell-wayland-toplevel-management_qmltyperegistrations.cpp.o
[710/990] Building CXX object src/wayland/toplevel_management/CMakeFiles/quickshell-wayland-toplevel-management.dir/qml.cpp.o
[711/990] Building CXX object src/dbus/dbusmenu/CMakeFiles/quickshell-dbusmenu.dir/dbus_menu_types.cpp.o
[712/990] Building CXX object src/wayland/hyprland/ipc/CMakeFiles/quickshell-hyprland-ipc.dir/.qt/rcc/qrc_qmake_Quickshell_Hyprland__Ipc.cpp.o
[713/990] Building CXX object src/wayland/toplevel_management/CMakeFiles/quickshell-wayland-toplevel-management.dir/handle.cpp.o
[714/990] Building CXX object src/wayland/CMakeFiles/quickshell-wayland.dir/xdgshell.cpp.o
[715/990] Building CXX object src/wayland/toplevel_management/CMakeFiles/quickshell-wayland-toplevel-management.dir/quickshell-wayland-toplevel-management_autogen/mocs_compilation.cpp.o
[716/990] Building CXX object src/wayland/CMakeFiles/quickshell-wayland.dir/platformmenu.cpp.o
[717/990] Building CXX object src/dbus/dbusmenu/CMakeFiles/quickshell-dbusmenu.dir/__/dbus_objectmanager.cpp.o
[718/990] Building CXX object src/wayland/hyprland/focus_grab/CMakeFiles/quickshell-hyprland-focus-grab.dir/.qt/rcc/qrc_qmake_Quickshell_Hyprland__FocusGrab.cpp.o
[719/990] Building CXX object src/dbus/dbusmenu/CMakeFiles/quickshell-dbusmenu.dir/quickshell-dbusmenu_qmltyperegistrations.cpp.o
[720/990] Building CXX object src/wayland/screencopy/CMakeFiles/quickshell-wayland-screencopy.dir/manager.cpp.o
[721/990] Building CXX object src/wayland/CMakeFiles/quickshell-wayland.dir/quickshell-wayland_autogen/mocs_compilation.cpp.o
[722/990] Building CXX object src/wayland/CMakeFiles/quickshell-wayland.dir/popupanchor.cpp.o
[723/990] Building CXX object src/x11/CMakeFiles/quickshell-x11.dir/.qt/rcc/qrc_qmake_Quickshell_X11.cpp.o
[724/990] Building CXX object src/wayland/CMakeFiles/quickshell-wayland.dir/quickshell-wayland_qmltyperegistrations.cpp.o
[725/990] Building CXX object src/wayland/CMakeFiles/quickshell-wayland.dir/output_tracking.cpp.o
[726/990] Building CXX object src/wayland/screencopy/CMakeFiles/quickshell-wayland-screencopy.dir/quickshell-wayland-screencopy_qmltyperegistrations.cpp.o
[727/990] Building CXX object src/wayland/screencopy/CMakeFiles/quickshell-wayland-screencopy.dir/view.cpp.o
[728/990] Building CXX object src/dbus/dbusmenu/CMakeFiles/quickshell-dbusmenu.dir/quickshell-dbusmenu_autogen/mocs_compilation.cpp.o
[729/990] Building CXX object src/core/CMakeFiles/quickshell-core.dir/quickshell-core_qmltyperegistrations.cpp.o
[730/990] Building CXX object src/wayland/screencopy/CMakeFiles/quickshell-wayland-screencopy.dir/quickshell-wayland-screencopy_autogen/mocs_compilation.cpp.o
[731/990] Building CXX object src/x11/i3/ipc/CMakeFiles/quickshell-i3-ipc.dir/.qt/rcc/qrc_qmake_Quickshell_I3__Ipc.cpp.o
[732/990] Building CXX object src/wayland/CMakeFiles/quickshell-wayland.dir/session_lock.cpp.o
[733/990] Building CXX object src/dbus/dbusmenu/CMakeFiles/quickshell-dbusmenu.dir/dbus_menu.cpp.o
[734/990] Building CXX object src/wayland/hyprland/ipc/CMakeFiles/quickshell-hyprland-ipc.dir/qml.cpp.o
[735/990] Building CXX object src/core/CMakeFiles/quickshell-core.dir/quickshell-core_autogen/mocs_compilation.cpp.o
[736/990] Building CXX object src/x11/CMakeFiles/quickshell-x11.dir/util.cpp.o
[737/990] Building CXX object src/dbus/dbusmenu/CMakeFiles/quickshell-dbusmenu.dir/dbusmenu.cpp.o
[738/990] Building CXX object src/wayland/hyprland/focus_grab/CMakeFiles/quickshell-hyprland-focus-grab.dir/quickshell-hyprland-focus-grab_qmltyperegistrations.cpp.o
[739/990] Building CXX object src/wayland/hyprland/ipc/CMakeFiles/quickshell-hyprland-ipc.dir/toplevel_mapping.cpp.o
[740/990] Building CXX object src/wayland/hyprland/ipc/CMakeFiles/quickshell-hyprland-ipc.dir/monitor.cpp.o
[741/990] Building CXX object src/wayland/hyprland/focus_grab/CMakeFiles/quickshell-hyprland-focus-grab.dir/grab.cpp.o
[742/990] Building CXX object src/services/status_notifier/CMakeFiles/quickshell-service-statusnotifier.dir/.qt/rcc/qrc_qmake_Quickshell_Services_SystemTray.cpp.o
[743/990] Building CXX object src/wayland/hyprland/focus_grab/CMakeFiles/quickshell-hyprland-focus-grab.dir/manager.cpp.o
[744/990] Building CXX object src/wayland/hyprland/ipc/CMakeFiles/quickshell-hyprland-ipc.dir/quickshell-hyprland-ipc_qmltyperegistrations.cpp.o
[745/990] Building CXX object src/wayland/hyprland/focus_grab/CMakeFiles/quickshell-hyprland-focus-grab.dir/quickshell-hyprland-focus-grab_autogen/mocs_compilation.cpp.o
[746/990] Building CXX object src/x11/CMakeFiles/quickshell-x11.dir/quickshell-x11_autogen/mocs_compilation.cpp.o
[747/990] Building CXX object src/wayland/hyprland/ipc/CMakeFiles/quickshell-hyprland-ipc.dir/workspace.cpp.o
[748/990] Building CXX object src/x11/CMakeFiles/quickshell-x11.dir/quickshell-x11_qmltyperegistrations.cpp.o
[749/990] Building CXX object src/wayland/hyprland/ipc/CMakeFiles/quickshell-hyprland-ipc.dir/hyprland_toplevel.cpp.o
[750/990] Building CXX object src/window/CMakeFiles/quickshell-window.dir/proxywindow.cpp.o
[751/990] Building CXX object src/wayland/hyprland/focus_grab/CMakeFiles/quickshell-hyprland-focus-grab.dir/qml.cpp.o
[752/990] Building CXX object src/services/pipewire/CMakeFiles/quickshell-service-pipewire.dir/.qt/rcc/qrc_qmake_Quickshell_Services_Pipewire.cpp.o
[753/990] Building CXX object src/wayland/hyprland/ipc/CMakeFiles/quickshell-hyprland-ipc.dir/quickshell-hyprland-ipc_autogen/mocs_compilation.cpp.o
[754/990] Building CXX object src/x11/i3/ipc/CMakeFiles/quickshell-i3-ipc.dir/qml.cpp.o
[755/990] Building CXX object src/services/status_notifier/CMakeFiles/quickshell-service-statusnotifier.dir/watcher.cpp.o
[756/990] Building CXX object src/x11/i3/ipc/CMakeFiles/quickshell-i3-ipc.dir/workspace.cpp.o
[757/990] Building CXX object src/x11/i3/ipc/CMakeFiles/quickshell-i3-ipc.dir/quickshell-i3-ipc_qmltyperegistrations.cpp.o
[758/990] Building CXX object src/services/mpris/CMakeFiles/quickshell-service-mpris.dir/.qt/rcc/qrc_qmake_Quickshell_Services_Mpris.cpp.o
[759/990] Building CXX object src/wayland/hyprland/ipc/CMakeFiles/quickshell-hyprland-ipc.dir/connection.cpp.o
[760/990] Building CXX object src/x11/i3/ipc/CMakeFiles/quickshell-i3-ipc.dir/monitor.cpp.o
[761/990] Building CXX object src/x11/CMakeFiles/quickshell-x11.dir/panel_window.cpp.o
/home/pridxd/.cache/yay/quickshell/src/quickshell/src/x11/panel_window.cpp: In lambda function:
/home/pridxd/.cache/yay/quickshell/src/quickshell/src/x11/panel_window.cpp:118:9: warning: control reaches end of non-void function [-Wreturn-type]
  118 |         });
      |         ^
At top level:
cc1plus: note: unrecognized command-line option ‘-Wno-vla-cxx-extension’ may have been intended to silence earlier diagnostics
[762/990] Building CXX object src/x11/i3/ipc/CMakeFiles/quickshell-i3-ipc.dir/quickshell-i3-ipc_autogen/mocs_compilation.cpp.o
[763/990] Building CXX object src/services/pipewire/CMakeFiles/quickshell-service-pipewire.dir/connection.cpp.o
[764/990] Building CXX object src/services/pipewire/CMakeFiles/quickshell-service-pipewire.dir/core.cpp.o
[765/990] Building CXX object src/services/pam/CMakeFiles/quickshell-service-pam.dir/.qt/rcc/qrc_qmake_Quickshell_Services_Pam.cpp.o
[766/990] Building CXX object src/services/status_notifier/CMakeFiles/quickshell-service-statusnotifier.dir/dbus_watcher_interface.cpp.o
[767/990] Building CXX object src/services/status_notifier/CMakeFiles/quickshell-service-statusnotifier.dir/dbus_watcher.cpp.o
[768/990] Building CXX object src/services/status_notifier/CMakeFiles/quickshell-service-statusnotifier.dir/dbus_item_types.cpp.o
[769/990] Building CXX object src/services/pipewire/CMakeFiles/quickshell-service-pipewire.dir/metadata.cpp.o
[770/990] Building CXX object src/services/greetd/CMakeFiles/quickshell-service-greetd.dir/.qt/rcc/qrc_qmake_Quickshell_Services_Greetd.cpp.o
[771/990] Building CXX object src/services/pipewire/CMakeFiles/quickshell-service-pipewire.dir/link.cpp.o
[772/990] Building CXX object src/x11/i3/ipc/CMakeFiles/quickshell-i3-ipc.dir/connection.cpp.o
/home/pridxd/.cache/yay/quickshell/src/quickshell/src/x11/i3/ipc/connection.cpp: In static member function ‘static QString qs::i3::ipc::I3IpcEvent::eventToString(qs::i3::ipc::EventCode)’:
/home/pridxd/.cache/yay/quickshell/src/quickshell/src/x11/i3/ipc/connection.cpp:537:1: warning: control reaches end of non-void function [-Wreturn-type]
  537 | }
      | ^
At top level:
cc1plus: note: unrecognized command-line option ‘-Wno-vla-cxx-extension’ may have been intended to silence earlier diagnostics
[773/990] Building CXX object src/services/status_notifier/CMakeFiles/quickshell-service-statusnotifier.dir/dbus_item.cpp.o
[774/990] Building CXX object src/services/pipewire/CMakeFiles/quickshell-service-pipewire.dir/device.cpp.o
[775/990] Building CXX object src/services/pam/CMakeFiles/quickshell-service-pam.dir/ipc.cpp.o
[776/990] Building CXX object src/services/status_notifier/CMakeFiles/quickshell-service-statusnotifier.dir/qml.cpp.o
[777/990] Building CXX object src/services/pipewire/CMakeFiles/quickshell-service-pipewire.dir/node.cpp.o
[778/990] Building CXX object src/services/pipewire/CMakeFiles/quickshell-service-pipewire.dir/registry.cpp.o
[779/990] Building CXX object src/services/upower/CMakeFiles/quickshell-service-upower.dir/.qt/rcc/qrc_qmake_Quickshell_Services_UPower.cpp.o
[780/990] Building CXX object src/services/pam/CMakeFiles/quickshell-service-pam.dir/conversation.cpp.o
[781/990] Building CXX object src/services/pipewire/CMakeFiles/quickshell-service-pipewire.dir/defaults.cpp.o
[782/990] Building CXX object src/services/mpris/CMakeFiles/quickshell-service-mpris.dir/dbus_player.cpp.o
[783/990] Building CXX object src/services/pam/CMakeFiles/quickshell-service-pam.dir/subprocess.cpp.o
[784/990] Building CXX object src/services/pam/CMakeFiles/quickshell-service-pam.dir/quickshell-service-pam_autogen/mocs_compilation.cpp.o
[785/990] Building CXX object src/services/status_notifier/CMakeFiles/quickshell-service-statusnotifier.dir/quickshell-service-statusnotifier_qmltyperegistrations.cpp.o
[786/990] Building CXX object src/services/notifications/CMakeFiles/quickshell-service-notifications.dir/.qt/rcc/qrc_qmake_Quickshell_Services_Notifications.cpp.o
[787/990] Building CXX object src/services/pipewire/CMakeFiles/quickshell-service-pipewire.dir/quickshell-service-pipewire_qmltyperegistrations.cpp.o
[788/990] Building CXX object src/services/mpris/CMakeFiles/quickshell-service-mpris.dir/dbus_player_app.cpp.o
[789/990] Building CXX object src/services/status_notifier/CMakeFiles/quickshell-service-statusnotifier.dir/quickshell-service-statusnotifier_autogen/mocs_compilation.cpp.o
[790/990] Building CXX object src/services/greetd/CMakeFiles/quickshell-service-greetd.dir/qml.cpp.o
[791/990] Building CXX object src/services/status_notifier/CMakeFiles/quickshell-service-statusnotifier.dir/host.cpp.o
[792/990] Building CXX object src/services/mpris/CMakeFiles/quickshell-service-mpris.dir/quickshell-service-mpris_qmltyperegistrations.cpp.o
[793/990] Building CXX object src/services/pam/CMakeFiles/quickshell-service-pam.dir/qml.cpp.o
[794/990] Building CXX object src/bluetooth/CMakeFiles/quickshell-bluetooth.dir/.qt/rcc/qrc_qmake_Quickshell_Bluetooth.cpp.o
[795/990] Running AUTOMOC file extraction for target quickshell-launch
[796/990] Building CXX object src/services/greetd/CMakeFiles/quickshell-service-greetd.dir/quickshell-service-greetd_qmltyperegistrations.cpp.o
[797/990] Building CXX object src/services/greetd/CMakeFiles/quickshell-service-greetd.dir/quickshell-service-greetd_autogen/mocs_compilation.cpp.o
[798/990] Building CXX object src/services/pam/CMakeFiles/quickshell-service-pam.dir/quickshell-service-pam_qmltyperegistrations.cpp.o
[799/990] Linking CXX static library src/window/libquickshell-window.a
[800/990] Linking CXX static library src/widgets/libquickshell-widgets.a
[801/990] Running AUTOMOC file extraction for target quickshell-crash
[802/990] Generating moc_dbus_properties.cpp
[803/990] Generating moc_dbus_objectmanager.cpp
[804/990] Running moc --collect-json for target quickshell-dbus
[805/990] Linking CXX static library src/ui/libquickshell-ui.a
[806/990] Linking CXX static library src/io/libquickshell-io.a
[807/990] Linking CXX static library src/core/libquickshell-core.a
[808/990] Linking CXX static library src/wayland/libquickshell-wayland.a
[809/990] Linking CXX static library src/wayland/toplevel_management/libquickshell-wayland-toplevel-management.a
[810/990] Linking CXX static library src/wayland/screencopy/libquickshell-wayland-screencopy.a
[811/990] Linking CXX static library src/dbus/dbusmenu/libquickshell-dbusmenu.a
[812/990] Building CXX object src/services/mpris/CMakeFiles/quickshell-service-mpris.dir/watcher.cpp.o
[813/990] Linking CXX static library src/wayland/hyprland/surface/libquickshell-hyprland-surface-extensions.a
[814/990] Linking CXX static library src/wayland/hyprland/focus_grab/libquickshell-hyprland-focus-grab.a
[815/990] Linking CXX static library src/wayland/hyprland/global_shortcuts/libquickshell-hyprland-global-shortcuts.a
[816/990] Linking CXX static library src/x11/libquickshell-x11.a
[817/990] Linking CXX static library src/wayland/hyprland/ipc/libquickshell-hyprland-ipc.a
[818/990] Linking CXX static library src/x11/i3/libquickshell-i3.a
[819/990] Running moc --collect-json for target quickshell-launch
[820/990] Linking CXX static library src/x11/i3/ipc/libquickshell-i3-ipc.a
[821/990] Building CXX object src/services/greetd/CMakeFiles/quickshell-service-greetd.dir/connection.cpp.o
[822/990] Building CXX object src/services/mpris/CMakeFiles/quickshell-service-mpris.dir/player.cpp.o
[823/990] Linking CXX static library src/services/pam/libquickshell-service-pam.a
[824/990] Linking CXX static library src/services/pipewire/libquickshell-service-pipewire.a
[825/990] Running moc --collect-json for target quickshell-crash
[826/990] Linking CXX static library src/services/greetd/libquickshell-service-greetd.a
[827/990] Building CXX object src/services/upower/CMakeFiles/quickshell-service-upower.dir/dbus_device.cpp.o
[828/990] Building CXX object src/services/upower/CMakeFiles/quickshell-service-upower.dir/device.cpp.o
[829/990] Building CXX object src/services/upower/CMakeFiles/quickshell-service-upower.dir/dbus_service.cpp.o
[830/990] Building CXX object src/services/mpris/CMakeFiles/quickshell-service-mpris.dir/quickshell-service-mpris_autogen/mocs_compilation.cpp.o
[831/990] Automatic MOC for target quickshell-ioplugin
[832/990] Automatic MOC for target quickshell-coreplugin
[833/990] Automatic MOC for target quickshell-windowplugin
[834/990] Automatic MOC for target quickshell-uiplugin
[835/990] Linking CXX static library src/services/mpris/libquickshell-service-mpris.a
[836/990] Automatic MOC for target quickshell-widgetsplugin
[837/990] Building CXX object src/services/notifications/CMakeFiles/quickshell-service-notifications.dir/dbusimage.cpp.o
[838/990] Building CXX object src/services/status_notifier/CMakeFiles/quickshell-service-statusnotifier.dir/item.cpp.o
[839/990] Linking CXX static library src/services/status_notifier/libquickshell-service-statusnotifier.a
[840/990] Building CXX object src/services/notifications/CMakeFiles/quickshell-service-notifications.dir/server.cpp.o
[841/990] Automatic MOC for target quickshell-waylandplugin
[842/990] Building CXX object src/bluetooth/CMakeFiles/quickshell-bluetooth.dir/dbus_device.cpp.o
[843/990] Automatic MOC for target quickshell-dbusmenuplugin
[844/990] Building CXX object src/bluetooth/CMakeFiles/quickshell-bluetooth.dir/dbus_adapter.cpp.o
[845/990] Building CXX object src/services/notifications/CMakeFiles/quickshell-service-notifications.dir/dbus_notifications.cpp.o
[846/990] Building CXX object src/services/upower/CMakeFiles/quickshell-service-upower.dir/core.cpp.o
[847/990] Automatic MOC for target quickshell-wayland-screencopyplugin
[848/990] Automatic MOC for target quickshell-wayland-toplevel-managementplugin
[849/990] Building CXX object src/services/notifications/CMakeFiles/quickshell-service-notifications.dir/qml.cpp.o
[850/990] Automatic MOC for target quickshell-hyprland-ipcplugin
[851/990] Building CXX object src/services/notifications/CMakeFiles/quickshell-service-notifications.dir/quickshell-service-notifications_qmltyperegistrations.cpp.o
[852/990] Automatic MOC for target quickshell-hyprland-focus-grabplugin
[853/990] Building CXX object src/services/notifications/CMakeFiles/quickshell-service-notifications.dir/notification.cpp.o
[854/990] Automatic MOC for target quickshell-hyprland-global-shortcutsplugin
[855/990] Building CXX object src/core/CMakeFiles/quickshell-coreplugin.dir/quickshell-coreplugin_autogen/mocs_compilation.cpp.o
[856/990] Building CXX object src/bluetooth/CMakeFiles/quickshell-bluetooth.dir/adapter.cpp.o
[857/990] Linking CXX static library src/debug/libquickshell-debug.a
[858/990] Building CXX object src/window/CMakeFiles/quickshell-windowplugin.dir/quickshell-windowplugin_autogen/mocs_compilation.cpp.o
[859/990] Building CXX object src/services/notifications/CMakeFiles/quickshell-service-notifications.dir/quickshell-service-notifications_autogen/mocs_compilation.cpp.o
[860/990] Building CXX object src/services/upower/CMakeFiles/quickshell-service-upower.dir/powerprofiles.cpp.o
/home/pridxd/.cache/yay/quickshell/src/quickshell/src/services/upower/powerprofiles.cpp: In static member function ‘static QString qs::dbus::DBusDataTransform<qs::service::upower::PowerProfile::Enum>::toWire(Data)’:
/home/pridxd/.cache/yay/quickshell/src/quickshell/src/services/upower/powerprofiles.cpp:168:1: warning: control reaches end of non-void function [-Wreturn-type]
  168 | }
      | ^
At top level:
cc1plus: note: unrecognized command-line option ‘-Wno-vla-cxx-extension’ may have been intended to silence earlier diagnostics
[861/990] Building CXX object src/bluetooth/CMakeFiles/quickshell-bluetooth.dir/device.cpp.o
[862/990] Automatic MOC for target quickshell-x11plugin
[863/990] Building CXX object src/io/CMakeFiles/quickshell-ioplugin.dir/quickshell-ioplugin_autogen/mocs_compilation.cpp.o
[864/990] Automatic MOC for target quickshell-i3plugin
[865/990] Building CXX object src/widgets/CMakeFiles/quickshell-widgetsplugin.dir/quickshell-widgetsplugin_autogen/mocs_compilation.cpp.o
[866/990] Automatic MOC for target quickshell-service-statusnotifierplugin
[867/990] Automatic MOC for target quickshell-i3-ipcplugin
[868/990] Building CXX object src/ui/CMakeFiles/quickshell-uiplugin.dir/quickshell-uiplugin_autogen/mocs_compilation.cpp.o
[869/990] Automatic MOC for target quickshell-service-pamplugin
[870/990] Automatic MOC for target quickshell-hyprland-surface-extensionsplugin
[871/990] Linking CXX static library src/services/notifications/libquickshell-service-notifications.a
[872/990] Building CXX object src/dbus/dbusmenu/CMakeFiles/quickshell-dbusmenuplugin.dir/quickshell-dbusmenuplugin_autogen/mocs_compilation.cpp.o
[873/990] Automatic MOC for target quickshell-service-mprisplugin
[874/990] Automatic MOC for target quickshell-service-greetdplugin
[875/990] Automatic MOC for target quickshell-service-pipewireplugin
[876/990] Building CXX object src/wayland/CMakeFiles/quickshell-waylandplugin.dir/quickshell-waylandplugin_autogen/mocs_compilation.cpp.o
[877/990] Building CXX object src/wayland/toplevel_management/CMakeFiles/quickshell-wayland-toplevel-managementplugin.dir/quickshell-wayland-toplevel-managementplugin_autogen/mocs_compilation.cpp.o
[878/990] Building CXX object src/wayland/screencopy/CMakeFiles/quickshell-wayland-screencopyplugin.dir/quickshell-wayland-screencopyplugin_autogen/mocs_compilation.cpp.o
[879/990] Building CXX object src/services/upower/CMakeFiles/quickshell-service-upower.dir/quickshell-service-upower_qmltyperegistrations.cpp.o
[880/990] Building CXX object src/wayland/hyprland/ipc/CMakeFiles/quickshell-hyprland-ipcplugin.dir/quickshell-hyprland-ipcplugin_autogen/mocs_compilation.cpp.o
[881/990] Building CXX object src/bluetooth/CMakeFiles/quickshell-bluetooth.dir/quickshell-bluetooth_qmltyperegistrations.cpp.o
[882/990] Building CXX object src/wayland/hyprland/focus_grab/CMakeFiles/quickshell-hyprland-focus-grabplugin.dir/quickshell-hyprland-focus-grabplugin_autogen/mocs_compilation.cpp.o
[883/990] Building CXX object src/services/upower/CMakeFiles/quickshell-service-upower.dir/quickshell-service-upower_autogen/mocs_compilation.cpp.o
[884/990] Building CXX object src/dbus/CMakeFiles/quickshell-dbus.dir/bus.cpp.o
[885/990] Building CXX object src/wayland/hyprland/global_shortcuts/CMakeFiles/quickshell-hyprland-global-shortcutsplugin.dir/quickshell-hyprland-global-shortcutsplugin_autogen/mocs_compilation.cpp.o
[886/990] Building CXX object src/bluetooth/CMakeFiles/quickshell-bluetooth.dir/bluez.cpp.o
[887/990] Building CXX object src/wayland/hyprland/surface/CMakeFiles/quickshell-hyprland-surface-extensionsplugin.dir/quickshell-hyprland-surface-extensionsplugin_autogen/mocs_compilation.cpp.o
[888/990] Automatic MOC for target quickshell-service-notificationsplugin
[889/990] Building CXX object src/x11/CMakeFiles/quickshell-x11plugin.dir/quickshell-x11plugin_autogen/mocs_compilation.cpp.o
[890/990] Linking CXX static library src/services/upower/libquickshell-service-upower.a
[891/990] Building CXX object src/dbus/CMakeFiles/quickshell-dbus.dir/dbus_properties.cpp.o
[892/990] Building CXX object src/x11/i3/CMakeFiles/quickshell-i3plugin.dir/quickshell-i3plugin_autogen/mocs_compilation.cpp.o
[893/990] Building CXX object src/bluetooth/CMakeFiles/quickshell-bluetooth.dir/quickshell-bluetooth_autogen/mocs_compilation.cpp.o
[894/990] Building CXX object src/dbus/CMakeFiles/quickshell-dbus.dir/quickshell-dbus_autogen/mocs_compilation.cpp.o
[895/990] Building CXX object src/x11/i3/ipc/CMakeFiles/quickshell-i3-ipcplugin.dir/quickshell-i3-ipcplugin_autogen/mocs_compilation.cpp.o
[896/990] Building CXX object src/core/CMakeFiles/quickshell-coreplugin.dir/quickshell-coreplugin_QuickshellPlugin.cpp.o
[897/990] Linking CXX static library src/bluetooth/libquickshell-bluetooth.a
[898/990] Building CXX object src/services/status_notifier/CMakeFiles/quickshell-service-statusnotifierplugin.dir/quickshell-service-statusnotifierplugin_autogen/mocs_compilation.cpp.o
[899/990] Building CXX object src/dbus/CMakeFiles/quickshell-dbus.dir/properties.cpp.o
[900/990] Building CXX object src/crash/CMakeFiles/quickshell-crash.dir/quickshell-crash_autogen/mocs_compilation.cpp.o
[901/990] Building CXX object src/services/pipewire/CMakeFiles/quickshell-service-pipewireplugin.dir/quickshell-service-pipewireplugin_autogen/mocs_compilation.cpp.o
[902/990] Building CXX object src/services/mpris/CMakeFiles/quickshell-service-mprisplugin.dir/quickshell-service-mprisplugin_autogen/mocs_compilation.cpp.o
[903/990] Building CXX object src/widgets/CMakeFiles/quickshell-widgetsplugin.dir/quickshell-widgetsplugin_Quickshell_WidgetsPlugin.cpp.o
[904/990] Building CXX object src/window/CMakeFiles/quickshell-windowplugin.dir/quickshell-windowplugin_Quickshell__WindowPlugin.cpp.o
[905/990] Building CXX object src/io/CMakeFiles/quickshell-ioplugin.dir/quickshell-ioplugin_Quickshell_IoPlugin.cpp.o
[906/990] Building CXX object src/ui/CMakeFiles/quickshell-uiplugin.dir/quickshell-uiplugin_Quickshell__InternalUiPlugin.cpp.o
[907/990] Building CXX object src/services/pam/CMakeFiles/quickshell-service-pamplugin.dir/quickshell-service-pamplugin_autogen/mocs_compilation.cpp.o
[908/990] Automatic MOC for target quickshell-service-upowerplugin
[909/990] Building CXX object src/services/greetd/CMakeFiles/quickshell-service-greetdplugin.dir/quickshell-service-greetdplugin_autogen/mocs_compilation.cpp.o
[910/990] Building CXX object src/services/notifications/CMakeFiles/quickshell-service-notificationsplugin.dir/quickshell-service-notificationsplugin_autogen/mocs_compilation.cpp.o
[911/990] Building CXX object src/services/upower/CMakeFiles/quickshell-service-upowerplugin.dir/quickshell-service-upowerplugin_autogen/mocs_compilation.cpp.o
[912/990] Building CXX object src/dbus/CMakeFiles/quickshell-dbus.dir/objectmanager.cpp.o
[913/990] Linking CXX static library qml_modules/Quickshell/libquickshell-coreplugin.a
[914/990] Linking CXX static library qml_modules/Quickshell/_Window/libquickshell-windowplugin.a
[915/990] Linking CXX static library src/ipc/libquickshell-ipc.a
[916/990] Building CXX object src/dbus/dbusmenu/CMakeFiles/quickshell-dbusmenuplugin.dir/quickshell-dbusmenuplugin_Quickshell_DBusMenuPlugin.cpp.o
[917/990] Linking CXX static library qml_modules/Quickshell/Io/libquickshell-ioplugin.a
[918/990] Building CXX object src/wayland/screencopy/CMakeFiles/quickshell-wayland-screencopyplugin.dir/quickshell-wayland-screencopyplugin_Quickshell_Wayland__ScreencopyPlugin.cpp.o
[919/990] Linking CXX static library qml_modules/Quickshell/Widgets/libquickshell-widgetsplugin.a
[920/990] Building CXX object src/services/status_notifier/CMakeFiles/quickshell-service-statusnotifierplugin_init.dir/quickshell-service-statusnotifierplugin_init_autogen/mocs_compilation.cpp.o
[921/990] Building CXX object src/services/pipewire/CMakeFiles/quickshell-service-pipewireplugin_init.dir/quickshell-service-pipewireplugin_init_autogen/mocs_compilation.cpp.o
[922/990] Linking CXX static library qml_modules/Quickshell/_InternalUi/libquickshell-uiplugin.a
[923/990] Building CXX object src/services/mpris/CMakeFiles/quickshell-service-mprisplugin_init.dir/quickshell-service-mprisplugin_init_autogen/mocs_compilation.cpp.o
[924/990] Building CXX object src/dbus/CMakeFiles/quickshell-dbus.dir/dbus_objectmanager.cpp.o
[925/990] Linking CXX static library qml_modules/Quickshell/Wayland/_Screencopy/libquickshell-wayland-screencopyplugin.a
[926/990] Building CXX object src/wayland/hyprland/focus_grab/CMakeFiles/quickshell-hyprland-focus-grabplugin.dir/quickshell-hyprland-focus-grabplugin_Quickshell_Hyprland__FocusGrabPlugin.cpp.o
[927/990] Building CXX object src/services/pam/CMakeFiles/quickshell-service-pamplugin_init.dir/quickshell-service-pamplugin_init_autogen/mocs_compilation.cpp.o
[928/990] Building CXX object src/wayland/hyprland/ipc/CMakeFiles/quickshell-hyprland-ipcplugin.dir/quickshell-hyprland-ipcplugin_Quickshell_Hyprland__IpcPlugin.cpp.o
[929/990] Building CXX object src/wayland/toplevel_management/CMakeFiles/quickshell-wayland-toplevel-managementplugin.dir/quickshell-wayland-toplevel-managementplugin_Quickshell_Wayland__ToplevelManagementPlugin.cpp.o
[930/990] Building CXX object src/wayland/CMakeFiles/quickshell-waylandplugin.dir/quickshell-waylandplugin_Quickshell_WaylandPlugin.cpp.o
[931/990] Linking CXX static library qml_modules/Quickshell/Hyprland/_FocusGrab/libquickshell-hyprland-focus-grabplugin.a
[932/990] Building CXX object src/services/greetd/CMakeFiles/quickshell-service-greetdplugin_init.dir/quickshell-service-greetdplugin_init_autogen/mocs_compilation.cpp.o
[933/990] Linking CXX static library qml_modules/Quickshell/Wayland/_ToplevelManagement/libquickshell-wayland-toplevel-managementplugin.a
[934/990] Linking CXX static library src/dbus/libquickshell-dbus.a
[935/990] Linking CXX static library qml_modules/Quickshell/Hyprland/_Ipc/libquickshell-hyprland-ipcplugin.a
[936/990] Automatic MOC for target quickshell-bluetoothplugin
[937/990] Linking CXX static library qml_modules/Quickshell/Wayland/libquickshell-waylandplugin.a
[938/990] Building CXX object src/services/upower/CMakeFiles/quickshell-service-upowerplugin_init.dir/quickshell-service-upowerplugin_init_autogen/mocs_compilation.cpp.o
[939/990] Building CXX object src/services/notifications/CMakeFiles/quickshell-service-notificationsplugin_init.dir/quickshell-service-notificationsplugin_init_autogen/mocs_compilation.cpp.o
[940/990] Building CXX object src/bluetooth/CMakeFiles/quickshell-bluetoothplugin.dir/quickshell-bluetoothplugin_autogen/mocs_compilation.cpp.o
[941/990] Linking CXX static library qml_modules/Quickshell/DBusMenu/libquickshell-dbusmenuplugin.a
[942/990] Building CXX object src/bluetooth/CMakeFiles/quickshell-bluetoothplugin_init.dir/quickshell-bluetoothplugin_init_autogen/mocs_compilation.cpp.o
[943/990] Building CXX object src/launch/CMakeFiles/quickshell-launch.dir/quickshell-launch_autogen/mocs_compilation.cpp.o
[944/990] Building CXX object src/crash/CMakeFiles/quickshell-crash.dir/main.cpp.o
[945/990] Building CXX object src/wayland/hyprland/surface/CMakeFiles/quickshell-hyprland-surface-extensionsplugin.dir/quickshell-hyprland-surface-extensionsplugin_Quickshell_Hyprland__SurfaceExtensionsPlugin.cpp.o
[946/990] Building CXX object src/wayland/hyprland/global_shortcuts/CMakeFiles/quickshell-hyprland-global-shortcutsplugin.dir/quickshell-hyprland-global-shortcutsplugin_Quickshell_Hyprland__GlobalShortcutsPlugin.cpp.o
[947/990] Linking CXX static library qml_modules/Quickshell/Hyprland/_SurfaceExtensions/libquickshell-hyprland-surface-extensionsplugin.a
[948/990] Building CXX object src/crash/CMakeFiles/quickshell-crash.dir/interface.cpp.o
[949/990] Linking CXX static library qml_modules/Quickshell/Hyprland/_GlobalShortcuts/libquickshell-hyprland-global-shortcutsplugin.a
[950/990] Building CXX object src/crash/CMakeFiles/quickshell-crash.dir/handler.cpp.o
[951/990] Linking CXX static library src/crash/libquickshell-crash.a
[952/990] Building CXX object src/x11/CMakeFiles/quickshell-x11plugin.dir/quickshell-x11plugin_Quickshell_X11Plugin.cpp.o
[953/990] Linking CXX static library qml_modules/Quickshell/X11/libquickshell-x11plugin.a
[954/990] Building CXX object src/x11/i3/ipc/CMakeFiles/quickshell-i3-ipcplugin.dir/quickshell-i3-ipcplugin_Quickshell_I3__IpcPlugin.cpp.o
[955/990] Linking CXX static library qml_modules/Quickshell/I3/_Ipc/libquickshell-i3-ipcplugin.a
[956/990] Building CXX object src/services/pipewire/CMakeFiles/quickshell-service-pipewireplugin.dir/quickshell-service-pipewireplugin_Quickshell_Services_PipewirePlugin.cpp.o
[957/990] Linking CXX static library qml_modules/Quickshell/Services/Pipewire/libquickshell-service-pipewireplugin.a
[958/990] Building CXX object src/services/status_notifier/CMakeFiles/quickshell-service-statusnotifierplugin.dir/quickshell-service-statusnotifierplugin_Quickshell_Services_SystemTrayPlugin.cpp.o
[959/990] Building CXX object src/services/mpris/CMakeFiles/quickshell-service-mprisplugin.dir/quickshell-service-mprisplugin_Quickshell_Services_MprisPlugin.cpp.o
[960/990] Linking CXX static library qml_modules/Quickshell/Services/SystemTray/libquickshell-service-statusnotifierplugin.a
[961/990] Linking CXX static library qml_modules/Quickshell/Services/Mpris/libquickshell-service-mprisplugin.a
[962/990] Building CXX object src/services/notifications/CMakeFiles/quickshell-service-notificationsplugin.dir/quickshell-service-notificationsplugin_Quickshell_Services_NotificationsPlugin.cpp.o
[963/990] Building CXX object src/services/pam/CMakeFiles/quickshell-service-pamplugin.dir/quickshell-service-pamplugin_Quickshell_Services_PamPlugin.cpp.o
[964/990] Linking CXX static library qml_modules/Quickshell/Services/Pam/libquickshell-service-pamplugin.a
[965/990] Linking CXX static library qml_modules/Quickshell/Services/Notifications/libquickshell-service-notificationsplugin.a
[966/990] Building CXX object src/services/upower/CMakeFiles/quickshell-service-upowerplugin.dir/quickshell-service-upowerplugin_Quickshell_Services_UPowerPlugin.cpp.o
[967/990] Building CXX object src/services/greetd/CMakeFiles/quickshell-service-greetdplugin.dir/quickshell-service-greetdplugin_Quickshell_Services_GreetdPlugin.cpp.o
[968/990] Linking CXX static library qml_modules/Quickshell/Services/UPower/libquickshell-service-upowerplugin.a
[969/990] Linking CXX static library qml_modules/Quickshell/Services/Greetd/libquickshell-service-greetdplugin.a
[970/990] Building CXX object src/launch/CMakeFiles/quickshell-launch.dir/main.cpp.o
[971/990] Building CXX object src/services/pipewire/CMakeFiles/quickshell-service-pipewireplugin_init.dir/quickshell_service_pipewireplugin_init.cpp.o
[972/990] Building CXX object src/services/upower/CMakeFiles/quickshell-service-upowerplugin_init.dir/quickshell_service_upowerplugin_init.cpp.o
[973/990] Building CXX object src/services/status_notifier/CMakeFiles/quickshell-service-statusnotifierplugin_init.dir/quickshell_service_statusnotifierplugin_init.cpp.o
[974/990] Building CXX object src/services/mpris/CMakeFiles/quickshell-service-mprisplugin_init.dir/quickshell_service_mprisplugin_init.cpp.o
[975/990] Building CXX object src/services/pam/CMakeFiles/quickshell-service-pamplugin_init.dir/quickshell_service_pamplugin_init.cpp.o
[976/990] Building CXX object src/services/greetd/CMakeFiles/quickshell-service-greetdplugin_init.dir/quickshell_service_greetdplugin_init.cpp.o
[977/990] Building CXX object src/bluetooth/CMakeFiles/quickshell-bluetoothplugin.dir/quickshell-bluetoothplugin_Quickshell_BluetoothPlugin.cpp.o
[978/990] Building CXX object src/services/notifications/CMakeFiles/quickshell-service-notificationsplugin_init.dir/quickshell_service_notificationsplugin_init.cpp.o
[979/990] Linking CXX static library qml_modules/Quickshell/Bluetooth/libquickshell-bluetoothplugin.a
[980/990] Building CXX object src/bluetooth/CMakeFiles/quickshell-bluetoothplugin_init.dir/quickshell_bluetoothplugin_init.cpp.o
[981/990] Building CXX object src/launch/CMakeFiles/quickshell-launch.dir/command.cpp.o
[982/990] Building CXX object src/launch/CMakeFiles/quickshell-launch.dir/launch.cpp.o
[983/990] Building CXX object src/x11/i3/CMakeFiles/quickshell-i3plugin.dir/quickshell-i3plugin_Quickshell_I3Plugin.cpp.o
cc1plus: warning: /home/pridxd/.cache/yay/quickshell/src/quickshell/build/CMakeFiles/qs-pchset-common.dir/cmake_pch.hxx.gch: not used because ‘QT_GUI_LIB’ not defined [-Winvalid-pch]
cc1plus: note: unrecognized command-line option ‘-Wno-vla-cxx-extension’ may have been intended to silence earlier diagnostics
[984/990] Linking CXX static library qml_modules/Quickshell/I3/libquickshell-i3plugin.a
[985/990] Building CXX object src/launch/CMakeFiles/quickshell-launch.dir/parsecommand.cpp.o
[986/990] Linking CXX static library src/launch/libquickshell-launch.a
[987/990] Automatic MOC for target quickshell
[988/990] Building CXX object src/CMakeFiles/quickshell.dir/quickshell_autogen/mocs_compilation.cpp.o
[989/990] Building CXX object src/CMakeFiles/quickshell.dir/main.cpp.o
[990/990] Linking CXX executable src/quickshell
==> Entering fakeroot environment...
==> Starting package()...
-- Install configuration: "RelWithDebInfo"
-- Installing: /home/pridxd/.cache/yay/quickshell/pkg/quickshell/usr/bin/quickshell
-- Set non-toolchain portion of runtime path of "/home/pridxd/.cache/yay/quickshell/pkg/quickshell/usr/bin/quickshell" to "$ORIGIN:$ORIGIN/../lib"
-- Installing: /home/pridxd/.cache/yay/quickshell/pkg/quickshell/usr/lib/qt6/qml/Quickshell/qmldir
-- Installing: /home/pridxd/.cache/yay/quickshell/pkg/quickshell/usr/lib/qt6/qml/Quickshell/quickshell-core.qmltypes
-- Installing: /home/pridxd/.cache/yay/quickshell/pkg/quickshell/usr/lib/qt6/qml/Quickshell/_Window/qmldir
-- Installing: /home/pridxd/.cache/yay/quickshell/pkg/quickshell/usr/lib/qt6/qml/Quickshell/_Window/quickshell-window.qmltypes
-- Installing: /home/pridxd/.cache/yay/quickshell/pkg/quickshell/usr/lib/qt6/qml/Quickshell/Io/qmldir
-- Installing: /home/pridxd/.cache/yay/quickshell/pkg/quickshell/usr/lib/qt6/qml/Quickshell/Io/quickshell-io.qmltypes
-- Installing: /home/pridxd/.cache/yay/quickshell/pkg/quickshell/usr/lib/qt6/qml/Quickshell/Io/FileView.qml
-- Installing: /home/pridxd/.cache/yay/quickshell/pkg/quickshell/usr/lib/qt6/qml/Quickshell/Widgets/qmldir
-- Installing: /home/pridxd/.cache/yay/quickshell/pkg/quickshell/usr/lib/qt6/qml/Quickshell/Widgets/quickshell-widgets.qmltypes
-- Installing: /home/pridxd/.cache/yay/quickshell/pkg/quickshell/usr/lib/qt6/qml/Quickshell/Widgets/IconImage.qml
-- Installing: /home/pridxd/.cache/yay/quickshell/pkg/quickshell/usr/lib/qt6/qml/Quickshell/Widgets/ClippingRectangle.qml
-- Installing: /home/pridxd/.cache/yay/quickshell/pkg/quickshell/usr/lib/qt6/qml/Quickshell/Widgets/WrapperItem.qml
-- Installing: /home/pridxd/.cache/yay/quickshell/pkg/quickshell/usr/lib/qt6/qml/Quickshell/Widgets/WrapperMouseArea.qml
-- Installing: /home/pridxd/.cache/yay/quickshell/pkg/quickshell/usr/lib/qt6/qml/Quickshell/Widgets/WrapperRectangle.qml
-- Installing: /home/pridxd/.cache/yay/quickshell/pkg/quickshell/usr/lib/qt6/qml/Quickshell/Widgets/ClippingWrapperRectangle.qml
-- Installing: /home/pridxd/.cache/yay/quickshell/pkg/quickshell/usr/lib/qt6/qml/Quickshell/Widgets/ClippingWrapperRectangleInternal.qml
-- Installing: /home/pridxd/.cache/yay/quickshell/pkg/quickshell/usr/lib/qt6/qml/Quickshell/DBusMenu/qmldir
-- Installing: /home/pridxd/.cache/yay/quickshell/pkg/quickshell/usr/lib/qt6/qml/Quickshell/DBusMenu/quickshell-dbusmenu.qmltypes
-- Installing: /home/pridxd/.cache/yay/quickshell/pkg/quickshell/usr/lib/qt6/qml/Quickshell/Wayland/_WlrLayerShell/qmldir
-- Installing: /home/pridxd/.cache/yay/quickshell/pkg/quickshell/usr/lib/qt6/qml/Quickshell/Wayland/_WlrLayerShell/quickshell-wayland-layershell.qmltypes
-- Installing: /home/pridxd/.cache/yay/quickshell/pkg/quickshell/usr/lib/qt6/qml/Quickshell/Wayland/_ToplevelManagement/qmldir
-- Installing: /home/pridxd/.cache/yay/quickshell/pkg/quickshell/usr/lib/qt6/qml/Quickshell/Wayland/_ToplevelManagement/quickshell-wayland-toplevel-management.qmltypes
-- Installing: /home/pridxd/.cache/yay/quickshell/pkg/quickshell/usr/lib/qt6/qml/Quickshell/Wayland/_Screencopy/qmldir
-- Installing: /home/pridxd/.cache/yay/quickshell/pkg/quickshell/usr/lib/qt6/qml/Quickshell/Wayland/_Screencopy/quickshell-wayland-screencopy.qmltypes
-- Installing: /home/pridxd/.cache/yay/quickshell/pkg/quickshell/usr/lib/qt6/qml/Quickshell/Hyprland/_Ipc/qmldir
-- Installing: /home/pridxd/.cache/yay/quickshell/pkg/quickshell/usr/lib/qt6/qml/Quickshell/Hyprland/_Ipc/quickshell-hyprland-ipc.qmltypes
-- Installing: /home/pridxd/.cache/yay/quickshell/pkg/quickshell/usr/lib/qt6/qml/Quickshell/Hyprland/_FocusGrab/qmldir
-- Installing: /home/pridxd/.cache/yay/quickshell/pkg/quickshell/usr/lib/qt6/qml/Quickshell/Hyprland/_FocusGrab/quickshell-hyprland-focus-grab.qmltypes
-- Installing: /home/pridxd/.cache/yay/quickshell/pkg/quickshell/usr/lib/qt6/qml/Quickshell/Hyprland/_GlobalShortcuts/qmldir
-- Installing: /home/pridxd/.cache/yay/quickshell/pkg/quickshell/usr/lib/qt6/qml/Quickshell/Hyprland/_GlobalShortcuts/quickshell-hyprland-global-shortcuts.qmltypes
-- Installing: /home/pridxd/.cache/yay/quickshell/pkg/quickshell/usr/lib/qt6/qml/Quickshell/Hyprland/_SurfaceExtensions/qmldir
-- Installing: /home/pridxd/.cache/yay/quickshell/pkg/quickshell/usr/lib/qt6/qml/Quickshell/Hyprland/_SurfaceExtensions/quickshell-hyprland-surface-extensions.qmltypes
-- Installing: /home/pridxd/.cache/yay/quickshell/pkg/quickshell/usr/lib/qt6/qml/Quickshell/Hyprland/qmldir
-- Installing: /home/pridxd/.cache/yay/quickshell/pkg/quickshell/usr/lib/qt6/qml/Quickshell/Hyprland/quickshell-hyprland.qmltypes
-- Installing: /home/pridxd/.cache/yay/quickshell/pkg/quickshell/usr/lib/qt6/qml/Quickshell/Wayland/qmldir
-- Installing: /home/pridxd/.cache/yay/quickshell/pkg/quickshell/usr/lib/qt6/qml/Quickshell/Wayland/quickshell-wayland.qmltypes
-- Installing: /home/pridxd/.cache/yay/quickshell/pkg/quickshell/usr/lib/qt6/qml/Quickshell/I3/_Ipc/qmldir
-- Installing: /home/pridxd/.cache/yay/quickshell/pkg/quickshell/usr/lib/qt6/qml/Quickshell/I3/_Ipc/quickshell-i3-ipc.qmltypes
-- Installing: /home/pridxd/.cache/yay/quickshell/pkg/quickshell/usr/lib/qt6/qml/Quickshell/I3/qmldir
-- Installing: /home/pridxd/.cache/yay/quickshell/pkg/quickshell/usr/lib/qt6/qml/Quickshell/I3/quickshell-i3.qmltypes
-- Installing: /home/pridxd/.cache/yay/quickshell/pkg/quickshell/usr/lib/qt6/qml/Quickshell/X11/qmldir
-- Installing: /home/pridxd/.cache/yay/quickshell/pkg/quickshell/usr/lib/qt6/qml/Quickshell/X11/quickshell-x11.qmltypes
-- Installing: /home/pridxd/.cache/yay/quickshell/pkg/quickshell/usr/lib/qt6/qml/Quickshell/Services/SystemTray/qmldir
-- Installing: /home/pridxd/.cache/yay/quickshell/pkg/quickshell/usr/lib/qt6/qml/Quickshell/Services/SystemTray/quickshell-service-statusnotifier.qmltypes
-- Installing: /home/pridxd/.cache/yay/quickshell/pkg/quickshell/usr/lib/qt6/qml/Quickshell/Services/Pipewire/qmldir
-- Installing: /home/pridxd/.cache/yay/quickshell/pkg/quickshell/usr/lib/qt6/qml/Quickshell/Services/Pipewire/quickshell-service-pipewire.qmltypes
-- Installing: /home/pridxd/.cache/yay/quickshell/pkg/quickshell/usr/lib/qt6/qml/Quickshell/Services/Mpris/qmldir
-- Installing: /home/pridxd/.cache/yay/quickshell/pkg/quickshell/usr/lib/qt6/qml/Quickshell/Services/Mpris/quickshell-service-mpris.qmltypes
-- Installing: /home/pridxd/.cache/yay/quickshell/pkg/quickshell/usr/lib/qt6/qml/Quickshell/Services/Pam/qmldir
-- Installing: /home/pridxd/.cache/yay/quickshell/pkg/quickshell/usr/lib/qt6/qml/Quickshell/Services/Pam/quickshell-service-pam.qmltypes
-- Installing: /home/pridxd/.cache/yay/quickshell/pkg/quickshell/usr/lib/qt6/qml/Quickshell/Services/Greetd/qmldir
-- Installing: /home/pridxd/.cache/yay/quickshell/pkg/quickshell/usr/lib/qt6/qml/Quickshell/Services/Greetd/quickshell-service-greetd.qmltypes
-- Installing: /home/pridxd/.cache/yay/quickshell/pkg/quickshell/usr/lib/qt6/qml/Quickshell/Services/UPower/qmldir
-- Installing: /home/pridxd/.cache/yay/quickshell/pkg/quickshell/usr/lib/qt6/qml/Quickshell/Services/UPower/quickshell-service-upower.qmltypes
-- Installing: /home/pridxd/.cache/yay/quickshell/pkg/quickshell/usr/lib/qt6/qml/Quickshell/Services/Notifications/qmldir
-- Installing: /home/pridxd/.cache/yay/quickshell/pkg/quickshell/usr/lib/qt6/qml/Quickshell/Services/Notifications/quickshell-service-notifications.qmltypes
-- Installing: /home/pridxd/.cache/yay/quickshell/pkg/quickshell/usr/lib/qt6/qml/Quickshell/Bluetooth/qmldir
-- Installing: /home/pridxd/.cache/yay/quickshell/pkg/quickshell/usr/lib/qt6/qml/Quickshell/Bluetooth/quickshell-bluetooth.qmltypes
-- Installing: /home/pridxd/.cache/yay/quickshell/pkg/quickshell/usr/share/applications/org.quickshell.desktop
-- Installing: /home/pridxd/.cache/yay/quickshell/pkg/quickshell/usr/share/icons/hicolor/scalable/apps/org.quickshell.svg
==> Tidying install...
  -> Removing libtool files...
  -> Purging unwanted files...
  -> Removing static library files...
  -> Copying source files needed for debug symbols...
  -> Compressing man and info pages...
==> Checking for packaging issues...
==> WARNING: Package contains reference to $srcdir
usr/bin/quickshell
usr/src/debug/quickshell/quickshell/build/src/dbus/dbus_objectmanager.h
usr/src/debug/quickshell/quickshell/build/src/dbus/dbusmenu/dbus_menu.h
==> Creating package "quickshell"...
  -> Generating .PKGINFO file...
  -> Generating .BUILDINFO file...
  -> Generating .MTREE file...
  -> Compressing package...
==> Leaving fakeroot environment.
==> Finished making: quickshell 0.2.0-1 (Sat 16 Aug 2025 07:43:54 AM MSK)
==> Cleaning up...
loading packages...
resolving dependencies...
looking for conflicting packages...

Package (1)  New Version  Net Change

quickshell   0.2.0-1      143.07 MiB

Total Installed Size:  143.07 MiB

:: Proceed with installation? [Y/n] 
checking keyring...
checking package integrity...
loading package files...
checking for file conflicts...
checking available disk space...
:: Processing package changes...
installing quickshell...
:: Running post-transaction hooks...
(1/3) Arming ConditionNeedsUpdate...
(2/3) Updating icon theme caches...
(3/3) Updating the desktop file MIME type cache...
